plotid,site,latitude,longitude,richness,region,A1depth,clay,silt,sand,gap_fraction,LAI,Acer_spicatum,Amelanchier_spp,Aronia_melanocarpa,Carpinus_caroliniana,Comptonia_peregrina,Cornus_alternifolia,Cornus_racemosa,Corylus_americana,Corylus_cornuta,Crataegus_spp,Diervilla_lonicera,Dirca_palustris,Euonymus_altana,Euonymus_spp,Hamamelis_virginiana,Lonicera_canadensis,Lonicera_reticulata,Lonicera_rotifolia,Lonicera_spp,Ostrya_virginiana,Prunus_americana,Prunus_pensylvanica,Prunus_serotina,Prunus_virginiana,Rhamnus_cathartica,Ribes_americanum,Ribes_cynosbati,Ribes_spp,Rosa_multiflora,Rubus_alleghaniensis,Rubus_idaeus,Rubus_occidentalis,Rubus_spp,Sambucus_nigra,Sambucus_racemosa,Staphylea_trifolia,Vaccinium_angustifolium,Vaccinium_myrtlloides,Viburnum_acerifolium,Viburnum_dentata,Viburnum_lentago,Viburnum_rafinesquianum,Viburnum_trilobum,Zanthoxylum_americanum
AW1-1,AW,42.683233,-89.48464,0,S,27.19,11.64892549,69.71717212,18.63390239,2.072,4.92,0,0,0,0,0,0,0,0,0,0,0,0,0,0,0,0,0,0,0,0,0,0,0,0,0,0,0,0,0,0,0,0,0,0,0,0,0,0,0,0,0,0,0,0
AW1-2,AW,42.683162,-89.484545,1,S,,13.68484605,54.7818072,31.53334675,4.636,3.66,0,0,0,0,0,0,0,0,0,0,0,0,0,0,0,0,0,0,0,0,0,0,0,0,0,0,0,0,0,0,0,0,0,0,0,11,0,0,0,0,0,0,0,0
AW1-3,AW,42.683166,-89.484247,1,S,27.28,7.655116841,55.82933118,36.51555197,3.423,4.29,0,0,0,0,0,0,0,0,0,0,0,0,0,0,0,0,0,0,0,0,0,0,0,0,0,0,0,0,0,0,0,0,0,0,0,11,0,0,0,0,0,0,0,0
AW1-4,AW,42.683328,-89.484455,1,S,15.59,9.61731116,54.50675215,35.87593669,2.734,4.97,0,0,0,0,0,0,0,0,0,0,0,0,0,0,0,0,0,0,0,0,0,0,0,0,0,0,1,0,0,0,0,0,0,0,0,0,0,0,0,0,0,0,0,0
AW2-1,AW,42.683444,-89.484671,1,S,10.12,9.700889248,63.10622474,27.19288601,1.888,4.82,0,0,0,0,0,0,0,0,0,0,0,0,0,0,0,0,0,0,0,0,0,0,0,0,0,0,0,0,0,0,0,0,0,0,0,11,0,0,0,0,0,0,0,0
AW2-2,AW,42.683612,-89.484301,2,S,8.6,9.691096305,63.03767414,27.27122956,2.484,4.74,0,0,0,0,0,0,0,0,0,0,0,0,0,0,0,0,0,0,0,0,0,0,0,0,0,0,3,0,0,0,0,0,0,0,0,6,0,0,0,0,0,0,0,0
AW2-3,AW,42.683,-89.484,0,S,23.36,8.606885508,70.96020817,20.43290633,3.228,3.96,0,0,0,0,0,0,0,0,0,0,0,0,0,0,0,0,0,0,0,0,0,0,0,0,0,0,0,0,0,0,0,0,0,0,0,0,0,0,0,0,0,0,0,0
AW2-4,AW,42.683595,-89.484255,1,S,12.64,9.687184662,50.90131181,39.41150353,4.373,3.4,0,0,0,0,0,0,0,0,0,0,0,0,0,0,0,0,0,0,0,0,0,0,0,0,0,0,0,0,0,0,0,0,0,0,0,4,0,0,0,0,0,0,0,0
AW3-1,AW,42.683707,-89.484486,1,S,8.52,7.615230461,31.47054108,60.91422846,1.242,5.49,0,0,0,0,0,0,0,0,0,0,0,0,0,0,0,0,0,0,0,0,0,0,0,0,0,0,0,0,0,0,0,0,0,0,0,4,0,0,0,0,0,0,0,0
AW3-2,AW,42.683833,-89.484925,1,S,14.21,7.612179487,29.45320513,62.93461538,0.617,6.1,0,0,0,0,0,0,0,0,0,0,0,0,0,0,0,0,0,0,0,0,0,0,0,0,0,0,0,0,0,0,0,0,0,0,0,1,0,0,0,0,0,0,0,0
AW3-3,AW,42.683698,-89.48476,1,S,5.29,5.606728074,40.85238286,53.54088907,0.662,6.03,0,0,0,0,0,0,0,0,0,0,0,0,0,0,0,0,0,0,0,0,0,0,0,0,0,0,0,0,0,0,0,0,0,0,0,4,0,0,0,0,0,0,0,0
AW3-4,AW,42.683766,-89.4844228,0,S,20.77,5.651998385,57.35341138,36.99459023,1.63,4.95,0,0,0,0,0,0,0,0,0,0,0,0,0,0,0,0,0,0,0,0,0,0,0,0,0,0,0,0,0,0,0,0,0,0,0,0,0,0,0,0,0,0,0,0
AW4-1,AW,42.684008,-89.484537,1,S,9.52,7.616756865,35.88731209,56.49593105,1.513,5.08,0,0,0,0,0,0,0,0,0,0,0,0,0,0,0,0,0,0,0,0,0,0,0,0,0,0,0,0,0,0,0,0,0,0,0,2,0,0,0,0,0,0,0,0
AW4-2,AW,42.683835,-89.484469,0,S,24.92,5.620232838,32.92862304,61.45114412,1.418,5.08,0,0,0,0,0,0,0,0,0,0,0,0,0,0,0,0,0,0,0,0,0,0,0,0,0,0,0,0,0,0,0,0,0,0,0,0,0,0,0,0,0,0,0,0
AW4-3,AW,42.683963,-89.484252,0,S,2.97,7.676767677,32.15959596,60.16363636,1.301,5.29,0,0,0,0,0,0,0,0,0,0,0,0,0,0,0,0,0,0,0,0,0,0,0,0,0,0,0,0,0,0,0,0,0,0,0,0,0,0,0,0,0,0,0,0
AW4-4,AW,42.683829,-89.484183,1,S,16.25,5.664576168,51.41808618,42.91733765,3.62,3.72,0,0,0,0,0,0,0,0,0,0,0,0,0,0,0,0,0,0,0,0,0,0,0,0,0,0,0,0,0,0,0,0,0,0,0,16,0,0,0,0,0,0,0,0
AW5-1,AW,42.683857,-89.484591,1,S,21.37,7.613704668,31.86419555,60.52209978,1.37,5.25,0,0,0,0,0,0,0,0,0,0,0,0,0,0,0,0,0,0,0,0,0,0,0,0,0,0,0,0,0,0,0,0,0,0,0,5,0,0,0,0,0,0,0,0
AW5-2,AW,42.684048,-89.484537,1,S,9.26,5.642885933,16.95010077,77.4070133,1.952,4.61,0,0,0,0,0,0,0,0,0,0,0,0,0,0,0,0,0,0,0,0,0,0,0,0,0,0,0,0,0,0,0,2,0,0,0,0,0,0,0,0,0,0,0,0
AW5-3,AW,42.684072,-89.484348,1,S,10.3,11.64424814,31.94342502,56.41232684,2.381,4.61,0,0,0,0,0,0,0,0,0,0,0,0,0,0,0,0,0,0,0,0,0,0,0,0,0,0,0,0,0,0,0,0,0,0,0,13,0,0,0,0,0,0,0,0
AW5-4,AW,42.683944,-89.483733,0,S,10.63,5.636070853,41.08083736,53.28309179,3.024,3.96,0,0,0,0,0,0,0,0,0,0,0,0,0,0,0,0,0,0,0,0,0,0,0,0,0,0,0,0,0,0,0,0,0,0,0,0,0,0,0,0,0,0,0,0
BAX1-1,BAX,43.395124,-89.797804,5,S,16.4,3.224506247,62.08399839,34.69149536,2.156,4.76,0,0,0,9,0,0,1,0,0,0,0,0,0,0,0,0,0,0,0,0,0,0,0,7,0,0,0,0,0,0,0,1,0,0,0,0,0,0,0,0,0,0,0,1
BAX1-2,BAX,43.395268,-89.797998,8,S,14.5,5.23138833,67.01770624,27.75090543,4.342,3.42,0,0,0,12,0,0,1,0,0,0,0,0,0,0,0,0,0,0,0,0,0,0,0,8,0,0,0,0,0,3,0,6,0,1,0,0,0,0,0,0,4,0,0,10
BAX1-3,BAX,43.395189,-89.797966,3,S,4.58,5.266356087,71.53408953,23.19955439,3.051,4.22,0,0,0,9,0,0,0,0,0,0,0,0,0,0,0,0,0,0,0,0,0,0,0,4,0,0,0,0,0,0,0,0,0,0,0,0,0,0,0,0,2,0,0,0
BAX1-4,BAX,43.395481,-89.797966,3,S,13.26,5.238766875,65.10098731,29.66024582,2.403,4.87,0,0,0,6,0,0,0,0,0,0,0,0,0,0,0,0,0,0,0,0,0,0,0,1,0,0,1,0,0,0,0,0,0,0,0,0,0,0,0,0,0,0,0,0
BAX2-1,BAX,43.395013,-89.797827,6,S,9.66,5.22928399,64.97843926,29.79227675,3.385,4.01,0,0,0,11,0,0,6,0,0,0,0,0,0,0,0,0,0,0,0,0,0,0,0,8,0,0,1,0,0,2,0,0,0,0,0,0,0,0,0,0,5,0,0,0
BAX2-2,BAX,43.395032,-89.797454,7,S,13.6,3.207698476,65.761668,31.03063352,4.897,3.37,0,0,0,9,0,0,10,0,0,0,0,0,0,0,1,0,0,0,0,0,0,0,0,6,0,0,0,0,0,7,0,0,0,0,0,0,0,0,0,0,5,1,0,0
BAX2-3,BAX,43.395065,-89.797858,5,S,12.33,11.35672277,74.7082539,13.93502332,4.493,3.75,0,0,0,10,0,0,0,0,0,0,0,0,0,0,0,0,0,0,0,0,0,0,0,3,0,0,3,0,0,3,0,0,0,0,0,0,0,0,3,0,0,0,0,0
BAX2-4,BAX,43.395252,-89.797259,3,S,12.09,5.267423015,71.54910859,23.1834684,4.287,3.69,0,0,0,7,0,0,0,0,0,0,0,0,0,0,0,0,0,0,0,0,0,0,0,7,0,0,1,0,0,0,0,0,0,0,0,0,0,0,0,0,0,0,0,0
BAX3-1,BAX,43.395112,-89.797472,4,S,11.17,7.262457131,50.0614888,42.67605406,3.425,4,0,0,0,8,0,0,0,0,0,0,0,0,0,0,0,0,0,0,0,0,0,0,0,5,0,0,0,0,0,0,0,1,0,0,0,0,0,0,0,0,0,0,1,0
BAX3-2,BAX,43.395161,-89.797261,5,S,16.67,5.225080386,74.97234727,19.80257235,3.366,4.1,0,0,0,10,0,0,0,0,0,0,0,0,0,0,0,0,0,0,0,0,0,0,0,5,0,0,1,0,0,0,0,0,0,0,0,0,0,0,0,0,3,1,0,0
BAX3-3,BAX,43.395321,-89.797519,6,S,14.43,5.624748895,73.33499397,21.04025713,3.565,3.83,0,0,0,12,0,0,0,0,7,0,0,0,0,0,0,0,0,0,0,0,1,0,0,5,0,0,2,0,0,2,0,0,0,0,0,0,0,0,0,0,0,0,0,0
BAX3-4,BAX,43.395167,-89.797167,5,S,6.14,5.6726094,78.03468395,16.29270665,1.67,5.12,0,0,0,13,0,0,0,0,0,0,0,0,0,0,0,0,0,0,0,0,0,0,0,1,0,0,1,0,0,0,0,0,0,0,0,0,0,0,0,0,0,3,0,3
BAX4-1,BAX,43.395077,-89.797157,3,S,12.29,5.603362017,59.03710226,35.35953572,3.264,4.14,0,0,0,15,0,0,0,0,2,0,0,0,0,0,0,0,0,0,0,0,0,0,0,1,0,0,0,0,0,0,0,0,0,0,0,0,0,0,0,0,0,0,0,0
BAX4-2,BAX,43.395112,-89.796975,7,S,20.33,5.649717514,75.69071832,18.65956416,4.078,3.78,0,1,0,20,0,0,1,0,5,0,0,0,0,0,0,0,0,0,0,0,0,0,0,1,0,0,1,0,0,0,0,0,0,0,0,0,0,0,3,0,0,0,0,0
BAX4-3,BAX,43.395207,-89.797124,6,S,8.88,5.695687551,76.32937347,17.97493897,3.273,4.09,0,0,0,20,0,0,0,0,0,0,0,0,0,0,0,0,0,1,0,0,0,0,0,3,0,0,6,0,0,0,0,0,0,0,0,0,0,0,2,0,0,1,0,0
BAX4-4,BAX,43.395227,-89.796872,4,S,3.43,5.681818182,80.19512987,14.12305195,3.52,3.89,0,4,0,24,0,0,0,0,0,0,0,0,0,0,0,0,0,0,0,0,0,0,0,0,0,0,0,0,0,1,0,0,0,0,0,0,0,0,11,0,0,0,0,0
BAX5-1,BAX,43.394909,-89.797043,6,S,14.81,3.608660786,78.19198075,18.19935846,5.255,3.23,0,0,0,9,0,0,1,0,3,0,0,0,0,0,0,0,0,0,2,0,0,0,0,3,0,0,0,0,0,0,0,0,0,0,0,0,0,0,4,0,0,0,0,0
BAX5-2,BAX,43.394947,-89.796706,6,S,11.9,5.647438483,81.70988302,12.6426785,4.044,3.71,0,0,0,14,0,0,0,0,1,0,0,0,0,0,0,0,0,0,0,1,0,0,0,9,0,0,1,0,0,0,0,0,0,0,0,0,0,0,1,0,0,0,0,0
BAX5-3,BAX,43.395173,-89.796923,5,S,12.58,3.606491685,76.14029253,20.25321579,3.426,4.36,0,0,0,22,0,0,2,0,0,0,0,0,0,0,0,0,0,0,0,3,0,0,0,7,0,0,0,0,0,0,0,0,0,0,0,0,0,0,6,0,0,0,0,0
BAX5-4,BAX,43.395143,-89.796651,5,S,8.5,1.616814875,21.22910267,77.15408246,3.11,3.93,0,0,0,23,0,0,4,0,0,0,0,0,0,0,0,0,0,0,0,1,0,0,0,2,0,0,0,0,0,0,0,0,0,0,0,0,0,0,1,0,0,0,0,0
BH1-1,BH,43.68384,-90.027564,3,S,14.22,6.593859468,53.67203791,39.73410262,1.572,5.37,0,0,0,2,0,0,0,0,0,0,0,0,0,0,4,0,0,0,0,0,0,0,0,0,0,0,1,0,0,0,0,0,0,0,0,0,0,0,0,0,0,0,0,0
BH1-2,BH,43.68384,-90.027648,2,S,13.5,4.414125201,37.1258427,58.4600321,1.481,5.15,0,0,0,4,0,0,0,0,0,0,0,0,0,0,4,0,0,0,0,0,0,0,0,0,0,0,0,0,0,0,0,0,0,0,0,0,0,0,0,0,0,0,0,0
BH1-3,BH,43.683688,-90.027893,2,S,16.44,2.412060302,36.18693467,61.40100503,3.387,3.72,0,0,0,7,0,0,0,0,0,0,0,0,0,0,0,0,0,0,0,0,0,0,0,0,0,0,0,0,0,0,0,0,0,0,0,0,0,0,1,0,0,0,0,0
BH1-4,BH,43.68366,-90.028168,5,S,14.48,4.407934282,61.11396514,34.47810058,3.66,3.72,0,0,0,6,0,0,0,0,0,0,0,0,0,0,0,0,0,0,0,1,0,0,0,0,0,0,1,0,0,0,0,3,0,0,0,0,0,0,4,0,0,0,0,0
BH2-1,BH,43.684096,-90.027824,4,S,18.68,7.502027575,62.39894566,30.09902676,3.113,4.13,0,0,0,1,0,0,0,0,0,0,0,0,0,0,6,0,0,0,0,1,0,0,0,2,0,0,0,0,0,0,0,0,0,0,0,0,0,0,0,0,0,0,0,0
BH2-2,BH,43.684944,-90.027829,5,S,14.53,4.439959637,55.51947528,40.04056509,1.323,5.52,1,0,0,2,0,0,0,0,0,0,0,0,0,0,9,0,0,0,0,0,0,0,0,1,0,0,0,0,0,0,0,0,0,0,0,0,0,0,3,0,0,0,0,0
BH2-3,BH,43.683872,-90.027999,5,S,14.77,2.420819044,56.49618721,41.08299375,3.05,4.04,0,0,0,3,0,0,0,2,0,0,0,0,0,0,12,0,0,0,0,2,0,0,0,0,0,0,0,0,0,0,0,0,0,0,0,0,0,0,1,0,0,0,0,0
BH2-4,BH,43.683862,-90.02806,5,S,10.08,4.402641585,61.03794277,34.55941565,2.926,4.39,0,0,0,1,0,0,0,0,0,0,0,0,0,0,2,0,0,0,0,0,0,0,0,10,0,0,5,0,0,0,0,0,0,0,0,0,0,0,2,0,0,0,0,0
BH3-1,BH,43.684037,-90.027587,4,S,7.62,4.441752473,67.65665253,27.90159499,4.525,3.59,0,0,0,10,0,0,0,0,0,0,0,0,0,0,2,1,0,0,0,0,0,0,0,1,0,0,0,0,0,0,0,0,0,0,0,0,0,0,0,0,0,0,0,0
BH3-2,BH,43.684066,-90.027933,5,S,10.13,4.442649435,61.61260097,33.9447496,3.405,3.69,0,0,0,3,0,2,0,0,0,0,0,0,0,0,0,0,0,0,0,4,0,0,0,2,0,0,0,0,0,0,0,0,0,0,0,0,0,0,1,0,0,0,0,0
BH3-3,BH,43.684056,-90.028061,3,S,11.87,3.684749232,46.5111566,49.80409417,4.361,3.7,0,0,0,2,0,0,0,0,0,0,0,0,0,0,1,0,0,0,0,0,0,0,0,3,0,0,0,0,0,0,0,0,0,0,0,0,0,0,0,0,0,0,0,0
BH3-4,BH,43.68409,-90.028174,3,S,20.07,3.606491685,45.4851132,50.90839511,3.489,4.02,0,0,0,0,0,0,0,0,0,0,0,0,0,0,0,0,0,0,0,0,0,0,0,10,0,0,0,0,3,0,0,0,0,0,0,0,0,0,7,0,0,0,0,0
BH4-1,BH,43.68422,-90.027814,4,S,8.69,3.613732182,55.61818912,40.7680787,2.163,4.24,0,0,0,2,0,0,0,0,0,0,0,0,0,0,0,1,0,0,0,4,0,0,0,1,0,0,0,0,0,0,0,0,0,0,0,0,0,0,0,0,0,0,0,0
BH4-2,BH,43.684371,-90.027844,2,S,8.09,5.633802817,56.75734406,37.60885312,2.884,4.08,0,0,0,0,0,0,0,0,0,0,0,0,0,0,0,0,0,0,0,1,0,0,0,1,0,0,0,0,0,0,0,0,0,0,0,0,0,0,0,0,0,0,0,0
BH4-3,BH,43.684308,-90.027814,4,S,9.15,5.607850991,62.49140797,31.90074104,3.066,4.26,0,0,0,0,0,1,0,2,0,0,0,0,0,0,0,0,0,0,0,0,0,0,0,2,0,0,0,0,0,0,0,0,0,0,0,0,0,0,2,0,0,0,0,0
BH4-4,BH,43.684363,-90.027914,5,S,10.13,5.640612409,52.80032232,41.55906527,3.584,3.71,0,0,0,0,0,3,0,2,0,0,0,0,0,0,0,0,0,0,0,0,0,0,0,2,0,0,0,0,0,0,0,3,0,0,0,0,0,0,8,0,0,0,0,0
BH5-1,BH,43.68466,-90.027479,1,S,11.01,5.616850552,60.59017051,33.79297894,2.328,4.79,0,0,0,0,0,0,0,0,0,0,0,0,0,0,0,0,0,0,0,0,0,0,0,0,0,0,0,0,0,0,0,0,0,0,0,0,0,0,7,0,0,0,0,0
BH5-2,BH,43.684519,-90.027847,2,S,14.23,3.631961259,45.81904762,50.54899112,1.448,4.99,0,0,0,0,0,0,0,0,0,0,0,0,0,0,0,0,0,0,0,0,0,0,0,1,0,0,0,0,0,0,0,0,0,0,0,0,0,0,1,0,0,0,0,0
BH5-3,BH,43.684729,-90.028148,2,S,9.77,3.631228566,57.91353641,38.45523502,1.612,5.02,0,0,0,0,0,0,0,0,0,0,0,0,0,0,0,0,0,0,0,0,0,0,0,2,0,0,0,0,0,0,0,0,0,0,0,0,0,0,1,0,0,0,0,0
BH5-4,BH,43.684709,-90.028254,4,S,8.6,5.630404183,54.71055701,39.65903881,2.803,3.93,0,0,0,0,0,0,0,0,0,0,0,0,0,0,0,0,0,0,0,0,0,0,0,1,0,0,6,0,0,0,0,4,0,0,0,0,0,0,10,0,0,0,0,0
CH1-1,CH,46.324409,-90.788671,7,N,8.01,2.420819044,41.56780311,56.01137785,1.311,5.17,0,1,0,0,0,4,0,0,4,0,0,6,0,0,0,5,0,0,0,4,0,0,0,0,0,0,0,0,0,0,0,0,0,0,0,0,0,0,1,0,0,0,0,0
CH1-2,CH,46.324189,-90.788464,4,N,7.48,2.428658166,43.73017608,53.84116576,0.818,5.84,0,0,0,0,0,0,0,0,2,0,0,2,0,0,0,1,0,0,0,6,0,0,0,0,0,0,0,0,0,0,0,0,0,0,0,0,0,0,0,0,0,0,0,0
CH1-3,CH,46.324344,-90.788103,6,N,14.12,2.421307506,43.59418886,53.98450363,0.808,5.89,0,1,0,0,0,1,0,0,2,0,0,1,0,0,0,5,0,0,0,2,0,0,0,0,0,0,0,0,0,0,0,0,0,0,0,0,0,0,0,0,0,0,0,0
CH1-4,CH,46.324187,-90.788816,4,N,6.53,4.441752473,50.697234,44.86101353,0.842,6.13,0,1,0,0,0,1,0,0,0,0,0,0,0,0,0,9,0,0,0,1,0,0,0,0,0,0,0,0,0,0,0,0,0,0,0,0,0,0,0,0,0,0,0,0
CH2-1,CH,46.324438,-90.788558,3,N,15.34,2.412060302,37.39296482,60.19497487,2.147,4.29,0,0,0,0,0,0,0,0,10,0,0,1,0,0,0,28,0,0,0,0,0,0,0,0,0,0,0,0,0,0,0,0,0,0,0,0,0,0,0,0,0,0,0,0
CH2-2,CH,46.324365,-90.788632,3,N,10.91,2.431610942,33.65309017,63.91529889,1.61,4.84,0,0,0,0,0,0,0,0,1,0,0,3,0,0,0,0,0,0,0,3,0,0,0,0,0,0,0,0,0,0,0,0,0,0,0,0,0,0,0,0,0,0,0,0
CH2-3,CH,46.324162,-90.788212,5,N,9.04,2.431118314,49.8534846,47.71539708,1.433,4.96,0,1,0,0,0,1,0,0,9,0,0,1,0,0,0,0,0,0,0,2,0,0,0,0,0,0,0,0,0,0,0,0,0,0,0,0,0,0,0,0,0,0,0,0
CH2-4,CH,46.324142,-90.788063,4,N,24.49,2.406256266,47.32616804,50.2675757,1.118,5.53,0,2,0,0,0,3,0,0,0,0,0,0,0,0,0,2,0,0,0,5,0,0,0,0,0,0,0,0,0,0,0,0,0,0,0,0,0,0,0,0,0,0,0,0
CH3-1,CH,46.324517,-90.788382,5,N,30.4,2.423752777,45.65922036,51.91702686,1.654,4.78,0,1,0,0,0,1,0,0,6,0,0,0,0,0,0,21,0,0,0,1,0,0,0,0,0,0,0,0,0,0,0,0,0,0,0,0,0,0,0,0,0,0,0,0
CH3-2,CH,46.324441,-90.788464,6,N,7.53,2.405773857,35.28757017,62.30665597,2.596,4.55,0,1,0,0,0,1,0,0,16,0,0,1,0,0,0,8,0,0,0,7,0,0,0,0,0,0,0,0,0,0,0,0,0,0,0,0,0,0,0,0,0,0,0,0
CH3-3,CH,46.324308,-90.788108,3,N,16.2,2.421796165,45.62139253,51.9568113,1.118,5.55,0,0,0,0,0,0,0,0,7,0,0,0,0,0,0,1,0,0,0,2,0,0,0,0,0,0,0,0,0,0,0,0,0,0,0,0,0,0,0,0,0,0,0,0
CH3-4,CH,46.324035,-90.787971,4,N,10.92,2.434570907,68.18527085,29.38015825,1.903,4.59,0,1,0,0,0,0,0,0,4,0,0,0,0,0,0,1,0,0,0,6,0,0,0,0,0,0,0,0,0,0,0,0,0,0,0,0,0,0,0,0,0,0,0,0
CH4-1,CH,46.324974,-90.788523,4,N,7.92,0.401767778,44.39622338,55.20200884,2.481,4.21,0,1,0,0,0,0,0,0,9,0,0,0,0,0,0,9,0,0,0,0,0,0,0,0,0,0,0,0,0,0,0,0,0,0,0,0,0,0,3,0,0,0,0,0
CH4-2,CH,46.324549,-90.788555,4,N,18.59,2.436548223,39.81522843,57.74822335,2.993,3.94,0,0,0,0,0,2,0,0,4,0,0,0,0,0,0,11,0,0,0,0,0,0,0,0,0,0,0,0,0,0,0,0,0,0,0,0,0,0,2,0,0,0,0,0
CH4-3,CH,46.324663,-90.788202,3,N,9.23,2.421796165,33.51241171,64.06579213,1.912,5.06,0,0,0,0,0,0,0,0,1,0,0,0,0,0,0,4,0,0,0,1,0,0,0,0,0,0,0,0,0,0,0,0,0,0,0,0,0,0,0,0,0,0,0,0
CH4-4,CH,46.324569,-90.787929,5,N,11.61,2.413030364,33.38676855,64.20020109,1.328,5.51,0,2,0,0,0,1,0,0,5,0,0,0,0,0,0,5,0,0,0,3,0,0,0,0,0,0,0,0,0,0,0,0,0,0,0,0,0,0,0,0,0,0,0,0
CH5-1,CH,46.324569,-90.787929,3,N,10.48,2.425712553,33.56854659,64.00574085,2.638,4.46,0,0,0,0,0,0,0,0,2,0,0,0,0,0,0,6,0,0,0,3,0,0,0,0,0,0,0,0,0,0,0,0,0,0,0,0,0,0,0,0,0,0,0,0
CH5-2,CH,46.324694,-90.788036,5,N,19.89,2.409638554,35.34618474,62.24417671,2.03,4.54,0,1,0,0,0,0,0,0,4,0,0,0,0,0,0,6,0,0,0,4,0,0,0,1,0,0,0,0,0,0,0,0,0,0,0,0,0,0,0,0,0,0,0,0
CH5-3,CH,46.324653,-90.787704,6,N,13.4,4.483391074,49.15520685,46.36140208,1.61,5.56,0,2,0,0,0,3,0,0,4,0,0,0,0,0,0,9,0,0,0,4,0,0,0,2,0,0,0,0,0,0,0,0,0,0,0,0,0,0,0,0,0,0,0,0
CH5-4,CH,46.324515,-90.787752,5,N,15.23,2.415945239,41.48169921,56.10235555,1.087,5.53,0,1,0,0,0,1,0,0,6,0,0,0,0,0,0,7,0,0,0,0,0,0,0,2,0,0,0,0,0,0,0,0,0,0,0,0,0,0,0,0,0,0,0,0
DH1-1,DH,45.922576,-90.106871,3,N,4.94,0.809225167,26.70904309,72.48173174,3.761,3.84,0,0,0,0,0,0,0,0,6,0,0,0,0,0,0,15,0,0,0,0,0,0,0,1,0,0,0,0,0,0,0,0,0,0,0,0,0,0,0,0,0,0,0,0
DH1-2,DH,45.922306,-90.106435,2,N,11.06,2.834008097,13.57975709,83.58623482,3.54,3.73,0,0,0,0,0,0,0,0,0,0,0,0,0,0,0,4,0,0,0,0,0,0,1,0,0,0,0,0,0,0,0,0,0,0,0,0,0,0,0,0,0,0,0,0
DH1-3,DH,45.922562,-90.106598,4,N,8.41,2.822580645,23.6,73.57741935,6.49,3.27,0,0,0,0,0,0,0,0,7,0,0,0,0,0,0,3,0,0,0,0,0,0,1,2,0,0,0,0,0,0,0,0,0,0,0,0,0,0,0,0,0,0,0,0
DH1-4,DH,45.922758,-90.16854,2,N,13.15,0.805801773,18.53634166,80.65785657,4.79,3.32,0,0,0,0,0,0,0,0,1,0,0,0,0,0,0,6,0,0,0,0,0,0,0,0,0,0,0,0,0,0,0,0,0,0,0,0,0,0,0,0,0,0,0,0
DH2-1,DH,45.922587,-90.107036,2,N,7.72,2.820306205,11.49282836,85.68686543,4.845,3.44,0,0,0,0,0,0,0,0,13,0,0,0,0,0,0,13,0,0,0,0,0,0,0,0,0,0,0,0,0,0,0,0,0,0,0,0,0,0,0,0,0,0,0,0
DH2-2,DH,45.922584,-90.106688,3,N,6.46,4.416783778,28.31596065,67.26725557,4.541,3.7,0,3,0,0,0,0,0,0,2,0,0,0,0,0,0,14,0,0,0,0,0,0,0,0,0,0,0,0,0,0,0,0,0,0,0,0,0,0,0,0,0,0,0,0
DH2-3,DH,45.922644,-90.107188,2,N,7.93,4.440855874,14.35228099,81.20686314,4.287,3.62,0,0,0,0,0,0,0,0,8,0,0,0,0,0,0,15,0,0,0,0,0,0,0,0,0,0,0,0,0,0,0,0,0,0,0,0,0,0,0,0,0,0,0,0
DH2-4,DH,45.922651,-90.106693,3,N,12.63,2.425222312,21.43540825,76.13936944,4.689,3.48,1,0,0,0,0,0,0,0,7,0,0,0,0,0,0,1,0,0,0,0,0,0,0,0,0,0,0,0,0,0,0,0,0,0,0,0,0,0,0,0,0,0,0,0
DH3-1,DH,45.922178,-90.107252,3,N,3.39,2.424732269,17.38961406,80.18565367,4.63,4.01,1,0,0,0,0,0,0,0,12,0,0,0,0,0,0,36,0,0,0,0,0,0,0,0,0,0,0,0,0,0,0,0,0,0,0,0,0,0,0,0,0,0,0,0
DH3-2,DH,45.922815,-90.106897,3,N,17.36,2.424732269,19.41022429,78.16504344,4.455,3.38,23,0,0,0,0,0,0,0,2,0,0,0,0,0,0,38,0,0,0,0,0,0,0,0,0,0,0,0,0,0,0,0,0,0,0,0,0,0,0,0,0,0,0,0
DH3-3,DH,45.923634,-90.106944,5,N,7.47,4.439063761,20.39887006,75.16206618,,,1,1,0,0,0,0,0,0,1,0,0,0,0,0,0,13,0,0,0,0,0,0,0,0,0,0,0,1,0,0,0,0,0,0,0,0,0,0,0,0,0,0,0,0
DH3-4,DH,45.923071,-90.107185,2,N,8.2,2.416918429,13.30151057,84.281571,3.639,3.72,0,0,0,0,0,0,0,0,6,0,0,0,0,0,0,18,0,0,0,0,0,0,0,0,0,0,0,0,0,0,0,0,0,0,0,0,0,0,0,0,0,0,0,0
DH4-1,DH,45.922269,-90.107679,4,N,5.37,2.425712553,17.39712957,80.17715787,4.01,3.76,0,1,0,0,0,0,0,0,3,0,0,0,0,0,0,5,0,0,0,0,0,0,1,0,0,0,0,0,0,0,0,0,0,0,0,0,0,0,0,0,0,0,0,0
DH4-2,DH,45.922164,-90.107333,5,N,9.35,2.411575563,21.30803859,76.28038585,4.205,3.58,3,1,0,0,0,0,0,0,1,0,0,0,0,0,0,11,0,0,0,0,0,0,1,0,0,0,0,0,0,0,0,0,0,0,0,0,0,0,0,0,0,0,0,0
DH4-3,DH,45.922604,-90.10787,4,N,8.54,2.413030364,17.29989946,80.28707018,,,3,0,0,0,0,0,0,0,2,0,0,0,0,0,0,12,0,0,0,0,0,0,0,0,0,0,0,0,0,0,3,0,0,0,0,0,0,0,0,0,0,0,0,0
DH4-4,DH,45.922789,-90.1076151,3,N,3.94,4.446240905,16.39337106,79.16038804,4.645,3.44,27,0,0,0,0,0,0,0,6,0,0,0,0,0,0,13,0,0,0,0,0,0,0,0,0,0,0,0,0,0,0,0,0,0,0,0,0,0,0,0,0,0,0,0
DH5-1,DH,45.922959,-90.106369,1,N,3.58,2.425222312,19.41438965,78.16038804,5.01,3.57,0,0,0,0,0,0,0,0,13,0,0,0,0,0,0,0,0,0,0,0,0,0,0,0,0,0,0,0,0,0,0,0,0,0,0,0,0,0,0,0,0,0,0,0
DH5-2,DH,45.922685,-90.106777,2,N,8.99,2.415458937,15.30563607,82.27890499,4.022,3.67,4,0,0,0,0,0,0,0,0,0,0,0,0,0,0,8,0,0,0,0,0,0,0,0,0,0,0,0,0,0,0,0,0,0,0,0,0,0,0,0,0,0,0,0
DH5-3,DH,45.922298,-90.16454,3,N,16.58,2.410122515,17.27760594,80.31227154,4.089,3.85,19,0,0,0,0,0,0,0,1,0,0,0,0,0,0,10,0,0,0,0,0,0,0,0,0,0,0,0,0,0,0,0,0,0,0,0,0,0,0,0,0,0,0,0
DH5-4,DH,45.922923,-90.105962,2,N,5.01,4.418557943,14.26917052,81.31227154,3.622,3.85,3,0,0,0,0,0,0,0,1,0,0,0,0,0,0,0,0,0,0,0,0,0,0,0,0,0,0,0,0,0,0,0,0,0,0,0,0,0,0,0,0,0,0,0
EH1-1,EH,43.084347,-89.443087,5,S,16.13,5.902707104,28.44541014,65.65188276,7.555,2.97,0,0,0,0,0,0,0,0,0,0,0,0,0,0,0,0,0,0,1,0,0,0,0,15,1,0,0,0,0,0,0,0,0,0,4,0,0,0,4,0,0,0,0,0
EH1-2,EH,43.084422,-89.443627,4,S,11.62,5.885934646,44.59340369,49.52066166,7.275,2.9,0,0,0,0,0,0,3,0,0,0,0,0,0,0,0,0,0,0,1,0,0,0,0,8,0,0,0,0,0,0,0,0,0,0,0,0,0,0,0,0,0,0,6,0
EH1-3,EH,43.084333,-89.443694,5,S,16.92,3.822937626,23.04969819,73.12736419,4.662,3.81,0,0,0,0,0,0,0,0,0,0,0,0,0,0,0,0,0,0,0,0,0,0,0,4,2,0,0,0,0,0,0,0,0,0,4,0,0,0,7,0,0,0,2,0
EH1-4,EH,43.084136,-89.443985,5,S,12.69,7.834471675,65.20405785,26.96147047,5.977,3.34,0,0,0,0,0,0,0,0,0,0,0,0,0,0,0,0,0,0,0,0,0,0,0,1,2,0,0,0,0,0,0,0,0,0,2,0,0,0,1,0,0,0,9,0
EH2-1,EH,43.084136,-89.443985,3,S,11.65,7.806244996,70.95988791,21.23386709,3.058,4.08,0,0,0,0,0,1,0,0,0,0,0,0,0,0,0,0,0,0,0,0,0,0,0,16,0,0,0,0,0,0,0,0,0,0,5,0,0,0,0,0,0,0,0,0
EH2-2,EH,43.084636,-89.443505,2,S,3.33,9.865109724,78.45011073,11.68477954,4.059,3.6,0,0,0,0,0,0,0,0,0,0,0,0,0,0,0,0,0,0,0,0,0,0,0,2,0,0,0,0,0,0,0,0,0,0,5,0,0,0,0,0,0,0,0,0
EH2-3,EH,43.084581,-89.443255,5,S,3.14,7.842348683,69.29525437,22.86239694,4.22,3.81,0,0,0,0,0,0,3,0,0,0,0,0,0,0,0,0,0,0,0,0,0,0,0,2,6,0,0,0,0,0,0,0,0,0,2,0,0,0,0,0,0,0,11,0
EH2-4,EH,43.084684,-89.443766,6,S,2.8,7.897934386,67.78894289,24.31312272,6.931,3.47,0,0,0,0,0,0,1,0,0,0,0,0,0,0,0,0,0,0,0,0,0,0,0,2,1,0,0,0,0,0,0,0,0,0,1,0,0,0,0,0,2,0,1,0
EH3-1,EH,43.084651,-89.443544,4,S,9.48,5.874012558,70.82898521,23.29700223,5.501,3.7,0,0,0,0,0,3,0,0,0,0,0,0,0,0,0,0,0,0,0,0,0,0,0,3,0,0,0,0,0,0,0,0,0,0,3,0,0,0,0,0,0,0,3,0
EH3-2,EH,43.084727,-89.443739,4,S,15.83,11.92642005,79.80851021,8.265069739,4.523,3.52,0,0,0,0,0,1,0,0,0,0,0,0,0,0,0,0,0,0,0,0,0,0,0,1,1,0,0,0,0,0,0,0,0,0,1,0,0,0,0,0,0,0,0,0
EH3-3,EH,43.084561,-89.444016,1,S,2.71,3.84537543,71.76929771,24.38532686,4.99,3.83,0,0,0,0,0,0,0,0,0,0,0,0,0,0,0,0,0,0,0,0,0,0,0,1,0,0,0,0,0,0,0,0,0,0,0,0,0,0,0,0,0,0,0,0
EH3-4,EH,43.084544,-89.444176,3,S,5.18,3.861788618,55.82357724,40.31463415,2.665,4.26,0,0,0,0,0,0,11,0,0,0,0,0,0,0,0,0,0,0,0,0,0,0,0,5,0,0,0,0,0,0,0,0,0,0,0,0,0,0,0,0,4,0,0,0
EH4-1,EH,43.084766,-89.443584,2,S,8.51,7.850241546,79.43333333,12.71642512,1.935,5.3,0,0,0,0,0,1,0,0,0,0,0,0,0,0,0,0,0,0,0,0,0,0,0,0,0,0,0,0,0,0,0,0,0,0,1,0,0,0,0,0,0,0,0,0
EH4-2,EH,43.084909,-89.443733,3,S,11.03,9.931090393,66.84706121,23.2218484,11.467,2.41,0,0,0,0,0,0,0,0,0,0,0,0,0,0,0,0,0,0,0,0,0,0,0,3,0,0,0,0,0,0,0,0,0,0,1,0,0,0,0,7,0,0,0,0
EH4-3,EH,43.084724,-89.443936,6,S,4.8,7.864488808,69.50189554,22.63361565,2.453,4.36,0,0,0,0,0,1,0,0,0,0,0,0,0,0,0,0,0,0,1,0,0,0,0,3,0,0,0,0,0,0,0,0,0,0,1,0,0,0,0,3,0,0,7,0
EH4-4,EH,43.084716,-89.444286,3,S,4.69,5.845595646,64.42513606,29.72926829,5.057,3.54,0,0,0,0,0,0,0,0,0,0,0,0,0,1,0,0,0,0,0,0,0,0,0,2,0,0,0,0,0,0,0,0,0,0,0,0,0,0,0,1,0,0,0,0
EH5-1,EH,43.085026,-89.443736,2,S,7.39,7.828181453,63.14134886,29.03046969,2.95,3.94,0,0,0,0,0,0,0,0,0,0,0,0,0,0,0,0,0,0,0,0,0,0,0,0,0,0,0,0,0,0,0,0,0,0,7,0,0,0,0,0,0,0,2,0
EH5-2,EH,43.085144,-89.443981,4,S,3.7,5.86688246,54.55498685,39.57813069,5.075,3.52,0,0,0,0,0,0,0,0,0,0,0,0,0,0,0,0,0,0,0,0,0,0,0,2,0,0,0,0,0,0,0,0,0,0,5,0,0,0,0,1,0,0,5,0
EH5-3,EH,43.084921,-89.444407,2,S,11.8,2.818602778,19.53819207,77.64320515,3.626,4.11,0,0,0,0,0,0,0,0,0,0,0,0,0,0,0,0,0,0,0,0,0,0,0,0,0,0,0,0,0,0,0,0,0,0,3,0,0,0,0,0,0,0,1,0
EH5-4,EH,43.084868,-89.444193,2,S,10.3,5.890717042,52.75711964,41.35216332,6.869,3.21,0,0,0,0,0,3,0,0,0,0,0,0,0,0,0,0,0,0,0,0,0,0,0,0,0,0,0,0,0,0,0,0,0,0,5,0,0,0,0,0,0,0,0,0
KS1-1,KS,45.839319,-89.676144,1,N,9.28,3.618090452,15.88844221,80.49346734,4.404,3.41,0,0,0,0,0,0,0,0,0,0,0,7,0,0,0,0,0,0,0,0,0,0,0,0,0,0,0,0,0,0,0,0,0,0,0,0,0,0,0,0,0,0,0,0
KS1-2,KS,45.839315,-89.676382,1,N,19.21,5.692213865,19.15568205,75.15210409,1.826,4.87,0,0,0,0,0,0,0,0,0,0,0,1,0,0,0,0,0,0,0,0,0,0,0,0,0,0,0,0,0,0,0,0,0,0,0,0,0,0,0,0,0,0,0,0
KS1-3,KS,45.839124,-89.676337,1,N,13.04,3.646677472,28.18379254,68.16952998,2.262,4.69,0,0,0,0,0,0,0,0,0,0,0,5,0,0,0,0,0,0,0,0,0,0,0,0,0,0,0,0,0,0,0,0,0,0,0,0,0,0,0,0,0,0,0,0
KS1-4,KS,45.839291,-89.676403,1,N,10.9,3.620273532,23.94416734,72.43555913,2.621,4.67,0,0,0,0,0,0,0,0,0,0,0,3,0,0,0,0,0,0,0,0,0,0,0,0,0,0,0,0,0,0,0,0,0,0,0,0,0,0,0,0,0,0,0,0
KS2-1,KS,45.839204,-89.676251,1,N,10.59,5.687588869,13.04399756,81.26841357,1.777,4.83,0,0,0,0,0,0,0,0,0,0,0,4,0,0,0,0,0,0,0,0,0,0,0,0,0,0,0,0,0,0,0,0,0,0,0,0,0,0,0,0,0,0,0,0
KS2-2,KS,45.839638,-89.676086,1,N,15.36,3.649635036,20.09781022,76.25255474,3.338,3.88,0,0,0,0,0,0,0,0,0,0,0,3,0,0,0,0,0,0,0,0,0,0,0,0,0,0,0,0,0,0,0,0,0,0,0,0,0,0,0,0,0,0,0,0
KS2-3,KS,45.839245,-89.675824,1,N,13.91,1.622388968,25.15822348,73.21938755,1.479,5.28,0,0,0,0,0,0,0,0,0,0,0,2,0,0,0,0,0,0,0,0,0,0,0,0,0,0,0,0,0,0,0,0,0,0,0,0,0,0,0,0,0,0,0,0
KS2-4,KS,45.83908,-89.676304,1,N,15.46,3.619545546,15.895556,80.48489845,2.466,4.89,0,0,0,0,0,0,0,0,0,0,0,2,0,0,0,0,0,0,0,0,0,0,0,0,0,0,0,0,0,0,0,0,0,0,0,0,0,0,0,0,0,0,0,0
KS3-1,KS,45.839447,-89.67578,1,N,19.51,3.63856883,26.09569436,70.26573681,1.831,4.84,0,0,0,0,0,0,0,0,0,0,0,1,0,0,0,0,0,0,0,0,0,0,0,0,0,0,0,0,0,0,0,0,0,0,0,0,0,0,0,0,0,0,0,0
KS3-2,KS,45.839425,-89.675967,1,N,11.46,3.610832497,25.88304915,70.50611836,2.293,4.52,0,0,0,0,0,0,0,0,0,0,0,1,0,0,0,0,0,0,0,0,0,0,0,0,0,0,0,0,0,0,0,0,0,0,0,0,0,0,0,0,0,0,0,0
KS3-3,KS,45.839421,-89.675782,0,N,11.71,1.625685836,27.24308067,71.13123349,3.813,3.82,0,0,0,0,0,0,0,0,0,0,0,0,0,0,0,0,0,0,0,0,0,0,0,0,0,0,0,0,0,0,0,0,0,0,0,0,0,0,0,0,0,0,0,0
KS3-4,KS,45.839447,-89.675888,1,N,9.08,1.625025391,21.13784278,77.23713183,2.517,4.6,0,0,0,0,0,0,0,0,0,0,0,5,0,0,0,0,0,0,0,0,0,0,0,0,0,0,0,0,0,0,0,0,0,0,0,0,0,0,0,0,0,0,0,0
KS4-1,KS,45.83928,-89.675711,0,N,16.58,3.636363636,24.05858586,72.30505051,2.851,4.58,0,0,0,0,0,0,0,0,0,0,0,0,0,0,0,0,0,0,0,0,0,0,0,0,0,0,0,0,0,0,0,0,0,0,0,0,0,0,0,0,0,0,0,0
KS4-2,KS,45.839061,-89.675467,0,N,14.84,3.635629166,15.97418703,80.3901838,2.494,4.56,0,0,0,0,0,0,0,0,0,0,0,0,0,0,0,0,0,0,0,0,0,0,0,0,0,0,0,0,0,0,0,0,0,0,0,0,0,0,0,0,0,0,0,0
KS4-3,KS,45.839203,-89.675592,0,N,9.07,3.626107977,30.02917002,66.344722,,,0,0,0,0,0,0,0,0,0,0,0,0,0,0,0,0,0,0,0,0,0,0,0,0,0,0,0,0,0,0,0,0,0,0,0,0,0,0,0,0,0,0,0,0
KS4-4,KS,45.839295,-89.675488,1,N,12.23,3.618817853,11.87108967,84.51009248,2.034,4.88,0,0,0,0,0,0,0,0,0,0,0,0,0,0,0,0,0,0,0,0,0,0,0,0,0,0,0,0,0,0,1,0,0,0,0,0,0,0,0,0,0,0,0,0
KS5-1,KS,45.83938,-89.675152,1,N,28.51,3.610108303,11.83818692,84.55170477,4.91,3.8,0,0,0,0,0,0,0,0,0,0,0,2,0,0,0,0,0,0,0,0,0,0,0,0,0,0,0,0,0,0,0,0,0,0,0,0,0,0,0,0,0,0,0,0
KS5-2,KS,45.839264,-89.675327,0,N,18.23,3.627569528,23.99604998,72.37638049,3.536,3.73,0,0,0,0,0,0,0,0,0,0,0,0,0,0,0,0,0,0,0,0,0,0,0,0,0,0,0,0,0,0,0,0,0,0,0,0,0,0,0,0,0,0,0,0
KS5-3,KS,45.83925,-89.675161,0,N,13.74,3.639304488,24.07949858,72.28119693,,,0,0,0,0,0,0,0,0,0,0,0,0,0,0,0,0,0,0,0,0,0,0,0,0,0,0,0,0,0,0,0,0,0,0,0,0,0,0,0,0,0,0,0,0
KS5-4,KS,45.839166,-89.675652,1,N,28.45,3.634894992,26.06752827,70.29757674,4.239,3.58,0,0,0,0,0,0,0,0,0,0,0,1,0,0,0,0,0,0,0,0,0,0,0,0,0,0,0,0,0,0,0,0,0,0,0,0,0,0,0,0,0,0,0,0
LL1-1,LL,46.05049,-89.458586,0,N,5.04,6.42957605,27.34048624,66.22993771,5.913,3.05,0,0,0,0,0,0,0,0,0,0,0,0,0,0,0,0,0,0,0,0,0,0,0,0,0,0,0,0,0,0,0,0,0,0,0,0,0,0,0,0,0,0,0,0
LL1-2,LL,46.050257,-89.458682,3,N,27.82,6.42957605,23.32200121,70.24842274,,,0,0,0,0,0,0,0,0,0,0,0,1,0,0,0,1,0,0,0,1,0,0,0,0,0,0,0,0,0,0,0,0,0,0,0,0,0,0,0,0,0,0,0,0
LL1-3,LL,46.05046,-89.458741,2,N,26.39,4.457953394,24.54772036,70.99432624,6.357,3.26,0,0,0,0,0,0,0,0,0,0,0,1,0,0,0,0,0,0,0,10,0,0,0,0,0,0,0,0,0,0,0,0,0,0,0,0,0,0,0,0,0,0,0,0
LL1-4,LL,46.050295,-89.458598,2,N,28.34,4.422110553,30.36281407,65.21507538,5.97,3.37,0,0,0,0,0,0,0,0,0,0,0,0,0,0,0,0,0,0,0,6,0,0,0,0,0,0,0,0,0,0,1,0,0,0,0,0,0,0,0,0,0,0,0,0
LL2-1,LL,46.050502,-89.458754,1,N,8.44,4.472453751,28.70058955,66.8269567,4.649,3.37,0,0,0,0,0,0,0,0,0,0,0,0,0,0,0,0,0,0,0,3,0,0,0,0,0,0,0,0,0,0,0,0,0,0,0,0,0,0,0,0,0,0,0,0
LL2-2,LL,46.050313,-89.458911,1,N,21.6,4.480651731,30.79389002,64.72545825,3.874,3.52,0,0,0,0,0,0,0,0,0,0,0,0,0,0,0,0,0,0,0,1,0,0,0,0,0,0,0,0,0,0,0,0,0,0,0,0,0,0,0,0,0,0,0,0
LL2-3,LL,46.050284,-89.458913,2,N,24.84,4.442649435,38.59159935,56.96575121,4.662,2.82,0,0,0,0,0,0,0,0,0,0,0,7,0,0,0,0,0,0,0,1,0,0,0,0,0,0,0,0,0,0,0,0,0,0,0,0,0,0,0,0,0,0,0,0
LL2-4,LL,46.050111,-89.458784,3,N,7.18,4.43190975,34.46398066,61.10410959,8.29,4.15,0,0,0,0,0,0,0,0,0,0,0,2,0,0,0,0,0,0,0,5,0,0,0,0,0,0,0,0,0,0,2,0,0,0,0,0,0,0,0,0,0,0,0,0
LL3-1,LL,46.050326,-89.459126,0,N,30.68,2.414001207,15.29567491,82.29032388,3.721,3.91,0,0,0,0,0,0,0,0,0,0,0,0,0,0,0,0,0,0,0,0,0,0,0,0,0,0,0,0,0,0,0,0,0,0,0,0,0,0,0,0,0,0,0,0
LL3-2,LL,46.050301,-89.459087,2,N,16.34,4.400880176,36.20768154,59.39143829,4.7,3.48,0,0,0,0,0,0,0,0,0,0,0,1,0,0,0,0,0,0,0,2,0,0,0,0,0,0,0,0,0,0,0,0,0,0,0,0,0,0,0,0,0,0,0,0
LL3-3,LL,46.05026,-89.459453,2,N,8.44,3.60432519,47.05863036,49.33704445,5.348,4.2,0,0,0,0,0,0,0,0,0,0,0,2,0,0,0,0,0,0,0,9,0,0,0,0,0,0,0,0,0,0,0,0,0,0,0,0,0,0,0,0,0,0,0,0
LL3-4,LL,46.05056,-89.459294,3,N,14.92,1.614205004,32.29120258,66.09459241,2.507,3.93,0,0,0,0,0,0,0,0,0,0,0,1,0,0,0,0,0,0,0,4,0,0,0,0,0,0,0,0,0,0,10,0,0,0,0,0,0,0,0,0,0,0,0,0
LL4-1,LL,46.050275,-89.459393,4,N,13.76,1.603527761,34.0767288,64.31974344,3.477,3.99,0,1,0,0,0,0,0,0,0,0,0,2,0,0,0,0,0,0,0,7,0,0,0,0,0,0,0,0,0,0,1,0,0,0,0,0,0,0,0,0,0,0,0,0
LL4-2,LL,46.050162,-89.459357,3,N,19.39,1.614205004,30.27344633,68.11234867,3.067,3.32,0,0,0,0,0,0,0,0,0,0,0,0,0,0,0,2,0,0,0,4,0,0,0,0,0,0,0,0,0,0,1,0,0,0,0,0,0,0,0,0,0,0,0,0
LL4-3,LL,46.049973,-89.459365,3,N,29.31,1.620089105,20.26115836,78.11875253,4.884,3.83,0,0,0,0,0,0,0,0,0,0,0,3,0,0,0,0,0,0,0,4,0,0,0,0,0,0,0,0,0,0,2,0,0,0,0,0,0,0,0,0,0,0,0,0
LL4-4,LL,46.049941,-89.459405,3,N,16.11,3.600720144,33.00696139,63.39231846,4.118,3.94,0,0,0,0,0,0,0,0,0,0,0,2,0,0,0,0,0,0,0,0,0,1,0,0,0,0,0,0,0,0,2,0,0,0,0,0,0,0,0,0,0,0,0,0
LL5-1,LL,46.050158,-89.459667,1,N,8.9,1.625025391,46.73199269,51.64298192,4.108,4.15,0,0,0,0,0,0,0,0,0,0,0,0,0,0,0,0,0,0,0,0,0,0,0,0,0,0,0,0,0,0,4,0,0,0,0,0,0,0,0,0,0,0,0,0
LL5-2,LL,46.050216,-89.459506,3,N,15.78,1.623047271,22.32842362,76.04852911,3.16,4.21,0,1,0,0,0,0,0,0,0,0,0,0,0,0,0,0,0,0,0,1,0,0,0,0,0,0,0,0,0,0,12,0,0,0,0,0,0,0,0,0,0,0,0,0
LL5-3,LL,46.050029,-89.459604,2,N,18.77,1.603206413,24.0496994,74.34709419,3.277,5.14,0,0,0,0,0,0,0,0,0,0,0,0,0,0,0,1,0,0,0,2,0,0,0,0,0,0,0,0,0,0,0,0,0,0,0,0,0,0,0,0,0,0,0,0
LL5-4,LL,46.049916,-89.459453,2,N,23.29,1.622060016,28.39708029,69.98085969,1.52,6.37,0,0,0,0,0,0,0,0,0,0,0,0,0,0,0,1,0,0,0,10,0,0,0,0,0,0,0,0,0,0,0,0,0,0,0,0,0,0,0,0,0,0,0,0
MW1-1,MW,43.452271,-89.815857,1,S,11.31,6.605284227,72.96100881,20.43370697,1.257,5.58,0,0,0,0,0,0,0,0,0,0,0,3,0,0,0,0,0,0,0,0,0,0,0,0,0,0,0,0,0,0,0,0,0,0,0,0,0,0,0,0,0,0,0,0
MW1-2,MW,43.452177,-89.815795,1,S,12.31,8.618961716,74.07241932,17.30861896,1.372,6.42,0,0,0,0,0,0,0,0,0,0,0,9,0,0,0,0,0,0,0,0,0,0,0,0,0,0,0,0,0,0,0,0,0,0,0,0,0,0,0,0,0,0,0,0
MW1-3,MW,43.452228,-89.815689,1,S,14.41,8.631071859,66.15363308,25.21529506,1.113,5.82,0,0,0,0,0,0,0,0,0,0,0,4,0,0,0,0,0,0,0,0,0,0,0,0,0,0,0,0,0,0,0,0,0,0,0,0,0,0,0,0,0,0,0,0
MW1-4,MW,43.452033,-89.815586,0,S,13.58,8.636272344,70.21295441,21.15077325,1.27,5.18,0,0,0,0,0,0,0,0,0,0,0,0,0,0,0,0,0,0,0,0,0,0,0,0,0,0,0,0,0,0,0,0,0,0,0,0,0,0,0,0,0,0,0,0
MW2-1,MW,43.451936,-89.815856,3,S,12.76,8.674601574,68.52630623,22.79909219,2.373,5.54,0,0,0,0,0,0,0,0,0,0,0,1,0,0,0,0,0,0,0,0,0,0,0,0,0,0,1,0,0,0,0,0,0,0,0,0,0,0,0,0,1,0,0,0
MW2-2,MW,43.452121,-89.815741,3,S,8.5,8.618961716,74.07241932,17.30861896,1.9,5.87,0,0,0,0,0,2,0,0,0,0,0,0,0,0,0,0,0,0,0,0,0,0,0,0,0,0,1,0,0,0,0,0,0,0,0,0,0,0,0,0,0,0,0,1
MW2-3,MW,43.452019,-89.815534,1,S,22.33,10.67902478,79.52772517,9.79325005,1.16,5.85,0,0,0,0,0,0,0,0,0,0,0,0,0,0,0,0,0,0,0,0,0,0,0,0,0,0,2,0,0,0,0,0,0,0,0,0,0,0,0,0,0,0,0,0
MW2-4,MW,43.452071,-89.815391,1,S,14.52,10.64470777,73.22982527,16.12546696,1.135,5.36,0,0,0,0,0,0,0,0,0,0,0,0,0,0,0,0,0,0,0,0,0,0,0,0,0,0,0,0,0,0,0,0,0,0,0,0,0,0,0,0,0,0,0,1
MW3-1,MW,43.452848,-89.815853,2,S,15.45,8.625877633,70.12326981,21.25085256,1.525,5.66,0,0,0,0,0,1,0,0,0,0,0,0,0,0,0,0,0,0,0,0,0,0,0,0,0,0,0,0,0,0,0,0,0,0,0,0,0,0,0,0,0,0,0,2
MW3-2,MW,43.451794,-89.815686,2,S,5.67,8.613782051,76.02852564,15.35769231,1.547,5.62,0,0,0,0,0,1,0,0,0,0,0,0,0,0,0,0,0,0,0,0,0,0,0,0,0,0,1,0,0,0,0,0,0,0,0,0,0,0,0,0,0,0,0,0
MW3-3,MW,43.451827,-89.815693,1,S,16.66,8.632804658,76.20592251,15.16127284,1.598,5.02,0,0,0,0,0,0,0,0,0,0,0,0,0,0,0,0,0,0,0,0,0,0,0,0,0,0,1,0,0,0,0,0,0,0,0,0,0,0,0,0,0,0,0,0
MW3-4,MW,43.451817,-89.815473,3,S,11.24,6.658595642,79.62978208,13.71162228,2.336,5.74,0,0,1,0,0,0,0,0,0,0,0,0,0,0,0,0,0,0,0,0,0,0,0,0,0,0,4,0,0,0,0,0,0,0,1,0,0,0,0,0,0,0,0,0
MW4-1,MW,43.451827,-89.815693,3,S,11.06,6.625175668,75.19829352,18.17653082,1.479,5.93,0,0,0,0,0,0,0,0,0,0,0,2,0,0,0,0,0,0,0,0,0,0,0,0,0,0,1,0,0,0,0,0,0,0,0,0,0,0,0,0,0,0,0,24
MW4-2,MW,43.451595,-89.815875,2,S,15.67,6.642512077,71.37793881,21.97954911,1.261,5.42,0,0,0,0,0,0,0,0,0,0,0,0,0,0,0,0,0,0,0,0,0,0,0,0,0,0,1,0,0,0,0,0,0,0,0,0,0,0,0,0,0,0,0,1
MW4-3,MW,43.451632,-89.815747,2,S,10.25,6.635833501,73.31371406,20.05045244,1.491,5.41,0,0,0,0,0,1,0,0,0,0,0,0,0,0,0,0,0,0,0,0,0,0,0,0,0,0,1,0,0,0,0,0,0,0,0,0,0,0,0,0,0,0,0,0
MW4-4,MW,43.451686,-89.815747,2,S,7.97,8.64321608,68.26281407,23.09396985,1.853,4.79,0,0,0,0,0,0,0,0,0,0,0,1,0,0,0,0,0,0,0,0,0,0,0,0,0,0,0,0,0,0,0,0,0,0,0,0,0,0,0,0,0,0,0,1
MW5-1,MW,43.451416,-89.816062,2,S,28.37,7.647413967,66.83795532,25.51463071,2.478,5.2,0,0,0,0,0,1,0,0,0,0,0,0,0,0,0,0,0,0,0,0,0,0,0,0,0,0,0,0,0,0,0,0,0,0,0,0,0,0,0,0,0,0,0,12
MW5-2,MW,43.45146,-89.815752,2,S,11.64,6.64652568,71.42306143,21.93041289,1.55,5.06,0,0,0,0,0,3,0,0,0,0,0,1,0,0,0,0,0,0,0,0,0,0,0,0,0,0,0,0,0,0,0,0,0,0,0,0,0,0,0,0,0,0,0,0
MW5-3,MW,43.451532,-89.815627,1,S,6.41,6.610576923,73.02211538,20.36730769,1.706,5.29,0,0,0,0,0,0,0,0,0,0,0,0,0,0,0,0,0,0,0,0,0,0,0,0,1,0,0,0,0,0,0,0,0,0,0,0,0,0,0,0,0,0,0,0
MW5-4,MW,43.451533,-89.815593,1,S,12.05,8.669354839,76.54677419,14.78387097,1.708,3.68,0,0,0,0,0,0,0,0,0,0,0,0,0,0,0,0,0,0,0,0,0,0,0,0,0,0,0,0,0,0,0,0,0,0,1,0,0,0,0,0,0,0,0,0
NOW1-1,NOW,43.080325,-89.672796,3,S,15.22,6.012024048,70.74749499,23.24048096,4.526,3.68,0,0,0,0,0,0,1,0,0,0,0,0,0,0,0,0,0,0,0,0,0,0,0,25,0,0,14,0,0,0,0,0,0,0,0,0,0,0,0,0,0,0,0,0
NOW1-2,NOW,43.080406,-89.672823,5,S,11.32,8.126777733,76.86143844,15.01178383,4.366,4.8,0,0,0,0,0,1,3,0,0,0,0,0,0,0,0,0,0,0,0,0,0,0,0,20,6,0,0,0,0,0,0,0,0,0,0,0,0,0,0,0,0,0,0,5
NOW1-3,NOW,43.080435,-89.672835,6,S,4.6,8.038585209,61.91639871,30.04501608,2.681,3.96,0,0,0,0,0,5,1,0,0,0,0,0,0,0,0,0,0,0,0,0,0,0,0,22,2,0,0,0,0,6,0,3,0,0,0,0,0,0,0,0,0,0,0,0
NOW1-4,NOW,43.080526,-89.672975,7,S,8.32,8.093889114,70.46377985,21.44233104,5.033,4.14,0,0,0,0,0,1,2,2,0,0,0,0,0,0,0,0,0,0,0,0,0,0,0,8,2,0,9,0,0,0,0,2,0,0,0,0,0,0,0,0,0,0,0,0
NOW2-1,NOW,43.080277,-89.673021,3,S,14.66,6.113715101,76.0707153,17.81556959,3.249,4.71,0,0,0,0,0,0,0,0,0,0,0,0,0,0,0,0,0,0,0,0,0,0,0,14,0,0,0,0,0,1,0,2,0,0,0,0,0,0,0,0,0,0,0,0
NOW2-2,NOW,43.080324,-89.673054,4,S,10.72,6.014434643,76.7914996,17.19406576,2.253,4.71,0,0,0,0,0,2,0,0,0,0,0,0,0,0,0,0,0,0,0,0,0,0,0,11,2,0,0,0,1,0,0,0,0,0,0,0,0,0,0,0,0,0,0,0
NOW2-3,NOW,43.080491,-89.673238,6,S,2.36,8.080808081,78.42424242,13.49494949,3.734,3.64,0,0,0,0,0,1,0,0,0,0,0,0,0,0,0,0,0,0,0,0,0,0,0,20,0,0,3,0,0,1,0,1,0,0,0,0,0,0,0,0,0,0,0,26
NOW2-4,NOW,43.080577,-89.673268,7,S,13.19,6.079027356,73.59574468,20.32522796,5.957,4.85,0,0,0,0,0,0,0,1,0,0,0,0,0,0,0,0,0,0,0,0,0,0,0,26,2,0,6,0,0,3,0,9,0,0,0,0,0,0,0,0,0,0,0,36
NOW3-1,NOW,43.080122,-89.673289,4,S,9.79,6.075334143,63.4236533,30.50101256,1.725,4,0,0,0,0,0,0,0,0,0,0,0,0,0,0,0,0,0,0,0,0,0,0,0,14,2,0,0,0,0,7,0,0,0,0,0,0,0,0,0,0,0,0,0,39
NOW3-2,NOW,43.080167,-89.673298,10,S,18.07,6.053268765,71.25343019,22.69330105,2.691,4,0,0,0,0,0,2,4,1,0,0,0,0,0,0,0,0,0,0,0,0,0,0,0,22,6,0,22,0,0,9,0,1,0,0,0,0,0,0,0,0,1,0,0,7
NOW3-3,NOW,43.080239,-89.673458,4,S,8.92,6.605284227,65.95540432,27.43931145,2.862,3.83,0,0,0,0,0,5,0,0,0,0,0,0,0,0,0,0,0,0,0,0,0,0,0,11,9,0,0,0,0,0,0,0,0,0,0,0,0,0,0,0,0,0,0,101
NOW3-4,NOW,43.080411,-89.673736,5,S,5.97,6.66262871,74.63256612,18.70480517,3.451,5.01,0,0,0,0,0,13,2,0,0,0,0,0,0,0,0,0,0,0,0,0,0,0,0,14,1,0,0,0,0,0,0,0,0,0,0,0,0,0,0,0,0,0,0,25
NOW4-1,NOW,43.080372,-89.673511,5,S,16.44,8.624147613,61.0830726,30.29277978,1.608,4.54,0,0,0,0,0,0,0,0,0,0,0,0,0,0,0,0,0,0,0,0,0,0,0,4,2,0,5,0,0,1,0,0,0,0,0,0,0,0,0,0,0,0,0,42
NOW4-2,NOW,43.080195,-89.673673,6,S,23.3,6.708680626,65.00656638,28.284753,2.929,4.41,0,0,0,0,0,2,0,0,0,0,0,0,0,0,0,0,0,0,0,0,0,0,0,10,0,0,3,0,0,2,0,3,0,0,0,0,0,0,0,0,0,0,0,64
NOW4-3,NOW,43.080111,-89.673381,6,S,10.03,10.75487013,75.05714286,14.18798701,2.176,5.05,0,0,0,0,0,0,0,1,0,0,0,0,0,0,0,0,0,0,0,0,0,0,0,7,37,0,2,0,0,2,0,0,0,0,0,0,0,0,0,0,0,0,0,12
NOW4-4,NOW,43.080033,-89.673437,6,S,19.5,6.695069994,62.8391763,30.4657537,1.546,4.47,0,0,0,0,0,9,1,0,0,0,0,0,0,0,0,0,0,0,0,0,0,0,0,8,6,0,0,0,0,0,0,0,0,0,0,0,0,0,0,0,3,0,0,40
NOW5-1,NOW,43.080196,-89.673747,5,S,9.96,6.643849406,58.30660358,35.04954701,2.218,4.06,0,0,0,0,0,0,2,0,0,0,0,0,0,0,0,0,0,0,0,0,0,0,0,19,10,0,0,0,0,0,0,4,0,0,0,0,0,0,0,0,0,0,0,8
NOW5-2,NOW,43.080039,-89.673786,9,S,15.77,8.71680519,63.81271032,27.47048449,3.135,4.69,0,0,0,0,0,0,1,7,0,0,3,0,0,0,0,0,0,0,0,0,0,0,0,2,26,0,3,0,0,2,0,9,0,0,0,0,0,0,0,0,0,0,0,36
NOW5-3,NOW,43.079972,-89.673715,9,S,18.27,6.704591629,66.99662739,26.29878098,1.905,4.36,0,0,0,0,0,1,2,1,0,0,1,0,0,0,0,0,0,0,0,0,0,0,0,1,52,0,0,0,0,0,0,7,0,0,0,0,0,0,0,0,2,0,0,40
NOW5-4,NOW,43.079887,-89.673582,5,S,14.81,8.739837398,72.12276423,19.13739837,2.126,3.61,0,0,0,0,0,2,1,0,0,0,0,0,0,0,0,0,0,0,0,0,0,0,0,0,112,0,0,0,0,0,0,0,0,0,0,0,0,0,0,0,1,0,0,3
PL1-1,PL,46.022172,-89.464251,5,N,11.45,4.441752473,7.894891985,87.66335554,4.997,2.84,0,5,0,0,0,0,0,0,0,0,0,0,0,0,0,1,0,0,0,0,0,0,0,0,0,0,0,0,0,0,1,0,0,0,0,0,5,1,0,0,0,0,0,0
PL1-2,PL,46.022387,-89.463914,6,N,10.8,2.43902439,8.962601626,88.59837398,7.5,2.84,0,3,0,0,0,0,0,2,0,0,0,0,0,0,0,6,0,0,0,0,0,0,0,0,0,0,0,0,0,0,2,0,0,0,0,0,9,7,0,0,0,0,0,0
PL1-3,PL,46.022221,-89.463788,5,N,4.73,4.420333534,11.86469761,83.71496886,8.193,3.23,0,2,0,0,0,0,0,0,1,0,0,0,0,0,0,0,0,0,0,0,0,0,0,0,0,0,0,0,0,0,2,0,0,0,0,0,28,1,0,0,0,0,0,0
PL1-4,PL,46.022386,-89.463719,4,N,5.25,2.414486922,10.87243461,86.71307847,6.531,3.66,0,0,0,0,0,0,0,4,1,0,0,0,0,0,0,0,0,0,0,0,0,0,0,0,0,0,0,0,0,0,2,0,0,0,0,0,3,0,0,0,0,0,0,0
PL2-1,PL,46.022352,-89.464206,4,N,3.86,4.4345898,7.878613183,87.68679702,4.371,3.17,0,1,0,0,0,0,0,0,0,0,0,0,0,0,0,1,0,0,0,0,0,0,0,0,0,0,0,0,0,0,0,0,0,0,0,0,4,6,0,0,0,0,0,0
PL2-2,PL,46.022205,-89.464214,4,N,1.52,2.413030364,10.86515182,86.72181782,6.095,3.04,0,4,0,0,0,0,0,0,0,0,0,0,0,0,0,2,0,0,0,0,0,0,0,0,0,0,0,0,0,0,0,0,0,0,0,0,4,1,0,0,0,0,0,0
PL2-3,PL,46.022166,-89.464031,6,N,4.38,2.435559164,8.948163182,88.61627765,6.666,4.35,0,4,0,0,0,0,0,3,1,0,0,0,0,0,0,0,0,0,0,0,0,0,0,0,0,0,0,0,0,0,2,0,0,0,0,0,19,1,0,0,0,0,0,0
PL2-4,PL,46.022393,-89.463862,3,N,8.99,2.435559164,10.97779582,86.58664502,2.66,3.75,0,0,0,0,0,0,0,0,0,0,0,0,0,0,0,3,0,0,0,0,0,0,0,0,0,0,0,0,0,0,0,0,0,0,0,0,11,5,0,0,0,0,0,0
PL3-1,PL,46.022414,-89.464526,6,N,7.93,2.422774076,10.91387038,86.66335554,4.772,2.94,0,2,0,0,0,0,0,2,0,0,2,0,0,0,0,1,0,0,0,0,0,0,0,0,0,0,0,0,0,0,7,0,0,0,0,0,0,3,0,0,0,0,0,0
PL3-2,PL,46.022498,-89.464209,5,N,6.22,4.469727753,14.05355547,81.47671678,7.523,2.66,0,0,0,0,2,0,0,3,0,0,5,0,0,0,0,0,0,0,0,0,0,0,0,0,0,0,0,0,0,0,7,0,0,0,0,0,0,4,0,0,0,0,0,0
PL3-3,PL,46.022606,-89.464127,5,N,7.21,4.621257786,9.755455093,85.62328712,9.894,3.45,0,3,0,0,0,0,0,8,0,0,2,0,0,0,0,0,0,0,0,0,0,0,0,0,0,0,0,0,0,0,0,0,0,0,0,0,2,11,0,0,0,0,0,0
PL3-4,PL,46.02507,-89.463992,3,N,6.73,4.646464646,11.84141414,83.51212121,5.326,3.02,0,0,0,0,0,0,0,0,0,0,0,0,0,0,0,0,0,0,0,0,0,0,0,0,0,0,0,0,0,0,1,0,0,0,0,0,19,3,0,0,0,0,0,0
PL4-1,PL,46.022804,-89.464495,7,N,,4.648342765,5.784074373,89.56758286,7.334,3.14,0,3,0,0,0,0,0,5,0,0,5,0,0,0,0,1,0,0,0,0,0,0,0,0,0,0,0,0,0,0,1,0,0,0,0,0,7,11,0,0,0,0,0,0
PL4-2,PL,46.022665,-89.464234,8,N,3.97,2.622553964,8.786746016,88.59070002,6.604,3.77,0,3,0,0,0,0,0,3,0,0,2,0,0,0,0,2,0,0,0,0,0,1,0,0,0,0,0,0,0,0,2,0,0,0,0,0,10,18,0,0,0,0,0,0
PL4-3,PL,46.022727,-89.464397,4,N,11.32,4.634293774,15.83419303,79.5315132,5.832,3.01,0,2,0,0,0,0,0,0,0,0,0,0,0,0,0,0,0,0,0,0,0,1,0,0,0,0,0,0,0,0,0,0,0,0,0,0,6,10,0,0,0,0,0,0
PL4-4,PL,46.022621,-89.464229,5,N,11.38,4.646464646,7.801010101,87.55252525,7.025,2.61,0,2,0,0,0,0,0,0,1,0,0,0,0,0,0,4,0,0,0,0,0,0,0,0,0,0,0,0,0,0,0,0,0,0,0,0,11,16,0,0,0,0,0,0
PL5-1,PL,46.022693,-89.464689,7,N,4.8,4.65304471,9.838377504,85.50857779,9.478,2.66,0,4,0,0,0,0,0,4,3,0,1,0,0,0,0,0,0,0,0,0,0,0,0,0,0,0,0,0,0,0,1,0,0,0,0,0,19,4,0,0,0,0,0,0
PL5-2,PL,46.022791,-89.464541,8,N,5.53,4.635227731,11.80721483,83.55755744,9.829,2.32,0,1,0,0,4,0,0,1,4,0,0,0,0,0,0,1,0,0,0,0,0,0,0,0,0,0,0,0,0,0,3,0,0,0,0,0,10,16,0,0,0,0,0,0
PL5-3,PL,46.022861,-89.464514,5,N,3.3,6.718241042,12.98664495,80.29511401,10.913,2.44,0,1,0,0,0,0,0,0,7,0,0,0,0,0,0,1,0,0,0,0,0,0,0,0,0,0,0,0,0,0,0,0,0,0,0,0,10,15,0,0,0,0,0,0
PL5-4,PL,46.023014,-89.464534,6,N,5.86,4.63149416,9.782158679,85.58634716,10.155,3.21,0,1,0,0,0,0,0,4,2,0,1,0,0,0,0,0,0,0,0,0,0,0,0,0,0,0,0,0,0,0,0,0,0,0,0,0,21,18,0,0,0,0,0,0
PLH1-1,PLH,46.19462,-89.495596,5,N,9.24,3.219315895,14.09416499,82.68651911,6.977,2.78,0,0,0,0,0,0,0,0,0,0,0,0,0,0,0,2,0,0,0,0,0,0,0,1,0,0,0,0,0,0,39,0,5,0,5,0,0,0,0,0,0,0,0,0
PLH1-2,PLH,46.19651,-89.495847,4,N,1.73,3.243462396,8.130387188,88.62615042,7.762,4.17,0,0,0,0,0,0,0,0,0,0,0,0,0,0,0,5,0,0,0,0,0,0,0,1,0,0,0,0,0,0,21,0,0,0,1,0,0,0,0,0,0,0,0,0
PLH1-3,PLH,46.19712,-89.495794,1,N,8.89,3.229713363,14.14485264,82.62543399,,,0,0,0,0,0,0,0,0,0,0,0,0,0,0,0,0,0,0,0,0,0,0,0,0,0,0,0,0,0,0,24,0,0,0,0,0,0,0,0,0,0,0,0,0
PLH1-4,PLH,46.19776,-89.495792,3,N,9.03,2.218636547,14.63215006,83.14921339,2.886,3.58,0,0,0,0,0,0,0,0,0,0,0,0,0,0,0,1,0,0,0,0,0,0,0,0,0,0,0,0,0,0,28,0,0,0,1,0,0,0,0,0,0,0,0,0
PLH2-1,PLH,46.19466,-89.496026,3,N,32.62,1.207486416,21.13475548,77.6577581,5.847,4.13,0,0,0,0,0,0,0,0,0,0,0,3,0,0,0,2,0,0,0,0,0,0,0,0,0,0,0,0,0,0,6,0,0,0,0,0,0,0,0,0,0,0,0,0
PLH2-2,PLH,46.19259,-89.495856,3,N,5.86,1.206757844,11.06532582,87.72791633,4.21,3.92,0,0,0,0,0,0,0,0,0,0,0,1,0,0,0,3,0,0,0,0,0,0,0,0,0,0,0,0,0,0,23,0,0,0,0,0,0,0,0,0,0,0,0,0
PLH2-3,PLH,46.19292,-89.495666,3,N,7.68,1.212856277,25.27426723,73.51287649,3.053,4.45,0,2,0,0,0,0,0,0,0,0,0,2,0,0,0,6,0,0,0,0,0,0,0,0,0,0,0,0,0,0,0,0,0,0,0,0,0,0,0,0,0,0,0,0
PLH2-4,PLH,46.19741,-89.49625,1,N,2.43,3.24017821,20.27120292,76.48861887,2.62,3.9,0,0,0,0,0,0,0,0,0,0,0,0,0,0,0,2,0,0,0,0,0,0,0,0,0,0,0,0,0,0,0,0,0,0,0,0,0,0,0,0,0,0,0,0
PLH3-1,PLH,46.19384,-89.496276,1,N,9.93,2.208391889,12.55187713,85.23973098,3.208,3.84,0,0,0,0,0,0,0,0,0,0,0,1,0,0,0,0,0,0,0,0,0,0,0,0,0,0,0,0,0,0,0,0,0,0,0,0,0,0,0,0,0,0,0,0
PLH3-2,PLH,46.19412,-89.496252,2,N,10.36,3.220611916,28.19066023,68.58872786,3.07,3.79,0,0,0,0,0,0,0,0,0,0,0,1,0,0,0,2,0,0,0,0,0,0,0,0,0,0,0,0,0,0,0,0,0,0,0,0,0,0,0,0,0,0,0,0
PLH3-3,PLH,46.19461,-89.496279,3,N,9.06,0.403063281,18.7439742,80.85296252,4.566,3.38,0,0,0,0,0,0,0,0,0,0,0,9,0,0,0,1,0,0,0,0,0,0,0,0,0,0,0,0,0,0,3,0,0,0,0,0,0,0,0,0,0,0,0,0
PLH3-4,PLH,46.19622,-89.496143,1,N,3.12,2.408671216,21.68237656,75.90895223,7.492,3.08,0,0,0,0,0,0,0,0,0,0,0,2,0,0,0,0,0,0,0,0,0,0,0,0,0,0,0,0,0,0,0,0,0,0,0,0,0,0,0,0,0,0,0,0
PLH4-1,PLH,46.19313,-89.496411,2,N,3.49,0.406091371,20.91675127,78.67715736,6.531,3.7,0,0,0,0,0,0,0,0,0,0,0,0,0,0,0,3,0,0,0,0,0,0,0,3,0,0,0,0,0,0,0,0,0,0,0,0,0,0,0,0,0,0,0,0
PLH4-2,PLH,46.19439,-89.496299,1,N,12.66,0.402738623,26.78348772,72.81377366,4.984,3.88,0,0,0,0,0,0,0,0,0,0,0,0,0,0,0,0,0,0,0,0,0,0,0,0,0,0,0,0,0,0,2,0,0,0,0,0,0,0,0,0,0,0,0,0
PLH4-3,PLH,46.19436,-89.496498,1,N,12.17,0.4048583,24.90121457,74.69392713,3.273,3.84,0,0,0,0,0,0,0,0,0,0,0,0,0,0,0,0,0,0,0,0,0,0,0,0,0,0,0,0,0,0,3,0,0,0,0,0,0,0,0,0,0,0,0,0
PLH4-4,PLH,46.19522,-89.496729,1,N,7.09,0.403469841,10.6936857,88.90284446,3.501,3.9,0,0,0,0,0,0,0,0,0,0,0,0,0,0,0,2,0,0,0,0,0,0,0,0,0,0,0,0,0,0,0,0,0,0,0,0,0,0,0,0,0,0,0,0
PLH5-1,PLH,46.18965,-89.496235,0,N,7.52,0.4048583,28.94979757,70.64534413,3.084,3.91,0,0,0,0,0,0,0,0,0,0,0,0,0,0,0,0,0,0,0,0,0,0,0,0,0,0,0,0,0,0,0,0,0,0,0,0,0,0,0,0,0,0,0,0
PLH5-2,PLH,46.19007,-89.496154,1,N,7.66,0.401687086,18.67929303,80.91901988,3.6,3.24,0,0,0,0,0,0,0,0,0,0,0,0,0,0,0,5,0,0,0,0,0,0,0,0,0,0,0,0,0,0,0,0,0,0,0,0,0,0,0,0,0,0,0,0
PLH5-3,PLH,46.19306,-89.496677,2,N,4.37,0.404776361,18.82448897,80.77073467,4.812,3.75,0,0,0,0,0,0,0,0,0,0,0,0,0,0,0,3,0,0,0,0,0,0,0,0,0,0,0,0,0,0,0,0,0,0,2,0,0,0,0,0,0,0,0,0
PLH5-4,PLH,46.19315,-89.496788,1,N,6.73,0.400240144,14.60888533,84.99087452,4.017,5.15,0,0,0,0,0,0,0,0,0,0,0,1,0,0,0,0,0,0,0,0,0,0,0,0,0,0,0,0,0,0,0,0,0,0,0,0,0,0,0,0,0,0,0,0
RL1-1,RL,45.870535,-89.649321,3,N,9.23,3.65185636,18.08232907,78.26581457,1.268,4.54,0,0,0,0,0,0,0,0,1,0,0,0,0,0,0,2,0,0,0,0,0,0,0,0,0,0,0,0,0,0,0,0,0,0,0,0,0,0,35,0,0,0,0,0
RL1-2,RL,45.870511,-89.644941,1,N,30.71,5.66572238,12.98308377,81.35119385,2.304,6.16,0,0,0,0,0,0,0,0,1,0,0,0,0,0,0,0,0,0,0,0,0,0,0,0,0,0,0,0,0,0,0,0,0,0,0,0,0,0,0,0,0,0,0,0
RL1-3,RL,45.870297,-89.644939,1,N,16.51,3.634161114,7.891096305,88.47474258,0.648,6.62,0,0,0,0,0,0,0,0,0,0,0,0,0,0,0,1,0,0,0,0,0,0,0,0,0,0,0,0,0,0,0,0,0,0,0,0,0,0,0,0,0,0,0,0
RL1-4,RL,45.870294,-89.649231,0,N,19.9,5.636070853,18.93913043,75.42479871,0.606,5.55,0,0,0,0,0,0,0,0,0,0,0,0,0,0,0,0,0,0,0,0,0,0,0,0,0,0,0,0,0,0,0,0,0,0,0,0,0,0,0,0,0,0,0,0
RL2-1,RL,45.870703,-89.649211,3,N,9.55,5.647438483,20.99991932,73.35264219,1.004,4.86,0,0,0,0,0,0,0,0,1,0,0,0,0,0,0,1,0,0,0,0,0,0,0,0,0,0,0,0,0,0,0,0,0,0,0,0,0,0,1,0,0,0,0,0
RL2-2,RL,45.870621,-89.649137,3,N,11.26,3.610108303,19.86064982,76.52924188,2.122,5.49,0,0,0,0,0,0,0,0,1,0,0,0,0,0,0,1,0,0,0,0,0,0,0,0,0,0,0,0,0,0,1,0,0,0,0,0,0,0,0,0,0,0,0,0
RL2-3,RL,45.870572,-89.649019,0,N,9.77,3.602161297,27.81777066,68.58006804,0.989,4.91,0,0,0,0,0,0,0,0,0,0,0,0,0,0,0,0,0,0,0,0,0,0,0,0,0,0,0,0,0,0,0,0,0,0,0,0,0,0,0,0,0,0,0,0
RL2-4,RL,45.877034,-89.649101,0,N,12.86,3.639304488,26.10133441,70.2593611,1.955,4.56,0,0,0,0,0,0,0,0,0,0,0,0,0,0,0,0,0,0,0,0,0,0,0,0,0,0,0,0,0,0,0,0,0,0,0,0,0,0,0,0,0,0,0,0
RL3-1,RL,45.870534,-89.649047,1,N,14.37,3.620273532,19.92164119,76.45808528,2.314,4.98,0,3,0,0,0,0,0,0,0,0,0,0,0,0,0,0,0,0,0,0,0,0,0,0,0,0,0,0,0,0,0,0,0,0,0,0,0,0,0,0,0,0,0,0
RL3-2,RL,45.870413,-89.648834,1,N,18.76,3.618090452,25.93869347,70.44321608,1.588,4.74,0,0,0,0,0,0,0,0,0,0,0,0,0,0,0,1,0,0,0,0,0,0,0,0,0,0,0,0,0,0,0,0,0,0,0,0,0,0,0,0,0,0,0,0
RL3-3,RL,45.870082,-89.649096,4,N,15.18,4.451639013,16.01125051,79.53711048,1.869,4.76,0,0,0,0,0,0,0,0,1,0,6,0,0,0,0,1,0,0,0,0,0,0,0,0,0,0,0,0,0,0,0,0,0,0,0,0,0,0,4,0,0,0,0,0
RL3-4,RL,45.87051,-89.648928,3,N,6.56,4.426559356,15.90865191,79.66478873,1.638,5.35,0,0,0,0,0,0,0,0,0,0,1,0,0,0,0,1,0,0,0,0,0,0,0,0,0,0,0,0,0,0,0,0,0,0,0,0,0,0,1,0,0,0,0,0
RL4-1,RL,45.870416,-89.648761,1,N,13.94,4.43369609,15.93784764,79.62845627,1.276,5.21,0,0,0,0,0,0,0,0,0,0,0,0,0,0,0,0,0,0,0,0,0,0,0,0,0,0,0,0,0,0,0,0,0,0,0,0,0,0,1,0,0,0,0,0
RL4-2,RL,45.870384,-89.648508,0,N,10.88,4.456147458,11.978651,83.56520154,1.404,5.6,0,0,0,0,0,0,0,0,0,0,0,0,0,0,0,0,0,0,0,0,0,0,0,0,0,0,0,0,0,0,0,0,0,0,0,0,0,0,0,0,0,0,0,0
RL4-3,RL,45.870145,-89.648559,1,N,12.67,2.40288346,10.8144173,86.78269924,1.293,5.09,0,0,0,0,0,0,0,0,0,0,0,0,0,0,0,0,0,0,0,0,0,0,0,0,0,0,0,0,0,0,0,0,0,0,0,0,0,0,1,0,0,0,0,0
RL4-4,RL,45.870008,-89.648755,2,N,20.08,2.422285022,16.96713767,80.61057731,1.521,4.15,0,0,0,0,0,0,0,0,0,0,0,0,0,0,0,7,0,0,0,0,0,0,0,0,0,0,0,0,0,0,0,0,0,0,0,0,0,0,10,0,0,0,0,0
RL5-1,RL,45.870693,-89.648187,1,N,13.71,6.438631791,28.99315895,64.56820926,4.448,4.64,0,0,0,0,0,0,0,0,0,0,0,0,0,0,0,1,0,0,0,0,0,0,0,0,0,0,0,0,0,0,0,0,0,0,0,0,0,0,0,0,0,0,0,0
RL5-2,RL,45.870578,-89.648392,1,N,19.06,4.435483871,15.94516129,79.61935484,3.263,5.23,0,0,0,0,0,0,0,0,0,0,0,0,0,0,0,1,0,0,0,0,0,0,0,0,0,0,0,0,0,0,0,0,0,0,0,0,0,0,0,0,0,0,0,0
RL5-3,RL,45.870394,-89.648424,2,N,14.64,4.460665045,16.04817518,79.49115977,1.425,5.56,0,0,0,0,0,0,0,0,2,0,0,0,0,0,0,2,0,0,0,0,0,0,0,0,0,0,0,0,0,0,0,0,0,0,0,0,0,0,0,0,0,0,0,0
RL5-4,RL,45.870185,-89.648186,1,N,11.22,2.422774076,8.894891985,88.68233394,1.403,4.95,0,0,0,0,0,0,0,0,0,0,0,0,0,0,0,0,0,0,0,0,0,0,0,0,0,0,0,0,0,0,0,0,0,0,0,0,0,0,2,0,0,0,0,0
SPD1-1,SPD,46.348834,-90.918778,3,N,13.32,4.831890477,56.79065835,38.37745118,2.066,3.89,0,0,0,0,0,1,0,0,0,0,0,0,0,0,0,8,0,0,0,0,0,0,0,0,0,0,0,11,0,0,0,0,0,0,0,0,0,0,0,0,0,0,0,0
SPD1-2,SPD,46.348589,-90.918829,1,N,17.5,2.827711573,41.82359119,55.34869723,3.353,4.17,0,0,0,0,0,0,0,0,0,0,0,0,0,0,0,0,0,0,0,0,0,0,0,1,0,0,0,0,0,0,0,0,0,0,0,0,0,0,0,0,0,0,0,0
SPD1-3,SPD,46.349206,-90.918492,5,N,12.4,4.86420754,59.2132955,35.92249696,3.108,4.52,0,0,0,0,0,0,0,0,0,0,0,1,0,0,0,1,0,0,0,3,0,0,0,1,0,0,0,8,0,0,0,0,0,0,0,0,0,0,0,0,0,0,0,0
SPD1-4,SPD,46.348613,-90.918537,4,N,17.23,2.812939522,61.69021499,35.49684549,2.512,4.95,0,0,0,0,0,0,0,0,0,0,0,5,0,0,0,0,0,0,0,12,0,0,0,4,0,0,0,1,0,0,0,0,0,0,0,0,0,0,0,0,0,0,0,0
SPD2-1,SPD,46.348617,-90.919028,5,N,15.08,2.828282828,64.05454545,33.11717172,1.749,4.27,0,1,0,0,0,1,0,0,0,0,0,0,0,0,0,6,0,0,0,3,0,0,0,0,0,0,0,24,0,0,0,0,0,0,0,0,0,0,0,0,0,0,0,0
SPD2-2,SPD,46.348387,-90.918854,7,N,13.27,2.803364037,55.46824189,41.72839407,2.643,4.52,0,2,0,0,0,0,0,0,0,0,0,4,0,0,0,1,0,0,0,3,0,0,1,2,0,0,0,9,0,0,0,0,0,0,0,0,0,0,0,0,0,0,0,0
SPD2-3,SPD,46.348395,-90.918578,4,N,18.84,2.839180694,52.13883594,45.02198337,2.318,4.13,0,2,0,0,0,0,0,0,0,0,0,2,0,0,0,0,0,0,0,6,0,0,0,0,0,0,0,6,0,0,0,0,0,0,0,0,0,0,0,0,0,0,0,0
SPD2-4,SPD,46.348236,-90.918427,4,N,7.6,4.821213339,48.62450783,46.55427883,2.809,5.08,0,1,0,0,0,0,0,0,0,0,0,0,0,0,0,0,0,0,0,8,0,0,0,1,0,0,0,1,0,0,0,0,0,0,0,0,0,0,0,0,0,0,0,0
SPD3-1,SPD,46.348325,-90.918459,4,N,24.44,0.805639476,34.64531722,64.5490433,1.667,4.89,0,0,0,0,0,0,0,0,0,0,0,0,0,0,0,3,0,0,0,1,0,0,0,12,0,0,0,1,0,0,0,0,0,0,0,0,0,0,0,0,0,0,0,0
SPD3-2,SPD,46.348081,-90.918714,2,N,8.43,2.814070352,51.66532663,45.52060302,1.837,4.61,0,1,0,0,0,0,0,0,0,0,0,0,0,0,0,0,0,0,0,0,0,0,0,0,0,0,0,1,0,0,0,0,0,0,0,0,0,0,0,0,0,0,0,0
SPD3-3,SPD,46.348239,-90.918714,5,N,11.04,4.882017901,57.40471928,37.71326282,2.501,3.7,2,0,0,0,0,0,0,0,0,0,0,0,0,0,0,0,0,0,0,0,0,0,0,18,0,0,0,1,0,0,0,0,0,0,3,0,0,0,1,0,0,0,0,0
SPD3-4,SPD,46.347992,-90.91864,6,N,18.37,5.829145729,58.20552764,35.96532663,3.79,4.91,1,8,0,0,0,0,0,0,0,0,0,0,0,0,0,1,0,0,0,0,0,0,0,1,0,0,0,16,0,0,121,0,0,0,0,0,0,0,0,0,0,0,0,0
SPD4-1,SPD,46.348432,-90.919052,2,N,14.38,0.806614237,48.80346844,50.38991732,1.594,4.75,0,0,0,0,0,0,0,0,0,0,0,1,0,0,0,10,0,0,0,0,0,0,0,0,0,0,0,0,0,0,0,0,0,0,0,0,0,0,0,0,0,0,0,0
SPD4-2,SPD,46.348157,-90.919323,1,N,13.45,0.808407437,36.78674212,62.40485044,1.879,5.29,0,0,0,0,0,0,0,0,0,0,0,0,0,0,0,6,0,0,0,0,0,0,0,0,0,0,0,0,0,0,0,0,0,0,0,0,0,0,0,0,0,0,0,0
SPD4-3,SPD,46.348064,-90.918945,2,N,14.51,2.834008097,54.06558704,43.10040486,1.353,5.62,0,0,0,0,0,0,0,0,0,0,0,0,0,0,0,1,0,0,0,9,0,0,0,0,0,0,0,0,0,0,0,0,0,0,0,0,0,0,0,0,0,0,0,0
SPD4-4,SPD,46.348052,-90.918992,3,N,22.46,2.823149829,41.75386167,55.42298851,1.158,5.4,0,0,0,0,0,0,0,0,0,0,0,0,0,0,0,1,0,0,0,1,0,0,0,2,0,0,0,0,0,0,0,0,0,0,0,0,0,0,0,0,0,0,0,0
SPD5-1,SPD,46.348052,-90.918992,1,N,24.52,0.810044553,44.96249494,54.22746051,1.449,4.87,0,0,0,0,0,0,0,0,0,0,0,0,0,0,0,0,0,0,0,0,0,0,1,0,0,0,0,0,0,0,0,0,0,0,0,0,0,0,0,0,0,0,0,0
SPD5-2,SPD,46.347973,-90.919351,3,N,21.63,0.804020101,40.60502513,58.59095477,1.62,4.96,0,0,0,0,0,1,0,0,0,0,0,0,0,0,0,10,0,0,0,1,0,0,0,0,0,0,0,0,0,0,0,0,0,0,0,0,0,0,0,0,0,0,0,0
SPD5-3,SPD,46.347851,-90.919004,2,N,22.13,0.808407437,48.91285368,50.27873888,1.635,4.74,0,0,0,0,0,0,0,0,0,0,0,0,0,0,0,0,0,0,0,6,0,0,1,0,0,0,0,0,0,0,0,0,0,0,0,0,0,0,0,0,0,0,0,0
SPD5-4,SPD,46.347832,-90.918999,1,N,8.26,1.800720288,53.92192877,44.27735094,2.017,5.12,0,0,0,0,0,0,0,0,0,0,0,0,0,0,0,0,0,0,0,0,0,0,0,1,0,0,0,0,0,0,0,0,0,0,0,0,0,0,0,0,0,0,0,0
TI1-1,TI,42.98118,-88.585615,8,S,14.94,3.639304488,36.21051355,60.15018197,1.637,5.01,0,0,0,0,0,0,0,0,0,0,0,0,3,0,0,0,3,0,1,1,0,0,0,6,1,0,0,0,0,1,0,1,0,0,0,0,0,0,0,0,0,0,0,0
TI1-2,TI,42.98115,-88.585489,8,S,22.06,3.610832497,37.91915747,58.47001003,1.391,5.11,0,0,0,0,0,0,0,0,0,0,0,0,4,0,0,0,1,0,1,1,0,0,0,5,0,0,6,0,0,1,0,0,0,0,0,0,0,0,0,0,0,1,0,0
TI1-3,TI,42.981288,-88.585848,9,S,14.23,3.644462442,44.36319093,51.99234663,1.56,4.17,0,0,0,0,0,0,0,0,0,0,0,0,2,0,0,0,2,0,3,1,0,0,0,6,1,0,1,0,0,0,0,1,0,0,0,0,0,0,0,0,0,0,0,1
TI1-4,TI,42.981313,-88.585957,8,S,24.62,5.625879044,45.01997187,49.35414909,3.098,4.09,0,0,0,0,0,0,0,0,0,0,0,0,6,0,0,0,6,0,1,6,0,0,0,4,1,0,2,0,0,0,0,0,0,0,0,0,0,0,0,0,0,0,0,6
TI2-1,TI,42.981337,-88.58598,7,S,20.47,3.671970624,36.55169319,59.77633619,3.378,4.71,0,0,0,0,0,0,0,0,0,0,0,0,1,0,0,0,1,0,0,2,0,0,0,5,3,0,0,0,1,0,0,0,0,0,0,0,0,0,0,0,0,0,0,3
TI2-2,TI,42.981703,-88.586172,7,S,8.84,3.622459247,42.07200644,54.30553431,1.94,3.6,0,0,0,0,0,0,0,0,0,0,0,0,1,0,0,0,5,0,1,3,0,0,0,5,2,0,0,0,0,0,0,0,0,0,0,0,0,0,0,0,0,1,0,0
TI2-3,TI,42.981554,-88.585965,5,S,9.53,1.62601626,37.41138211,60.96260163,2.954,4.36,0,0,0,0,0,0,0,0,0,0,0,0,0,0,0,0,3,0,3,0,0,0,0,13,0,0,1,0,0,0,0,0,0,0,0,0,0,0,0,0,0,0,0,14
TI2-4,TI,42.981495,-88.586303,7,S,23.84,3.617363344,50.0488746,46.33376206,3.873,4.22,0,0,0,0,0,0,0,0,0,0,0,0,0,0,0,0,6,0,1,0,0,0,0,2,1,2,1,0,0,0,0,0,0,0,0,0,0,0,0,0,0,0,0,22
TI3-1,TI,42.981495,-88.586303,4,S,16.4,3.618817853,31.97563329,64.40554885,2.703,4.63,0,0,0,0,0,0,0,0,0,0,0,0,0,0,0,0,0,0,0,6,0,0,0,9,3,0,0,0,0,0,0,0,0,0,0,0,0,0,0,0,0,0,0,5
TI3-2,TI,42.98172,-88.585602,6,S,27.12,3.608660786,37.89526864,58.49607057,1.241,5.36,0,0,0,0,0,0,0,0,0,0,0,0,0,0,0,0,0,0,2,3,0,0,0,5,6,0,1,0,0,0,0,0,0,0,0,0,0,0,0,0,0,0,0,10
TI3-3,TI,42.981769,-88.585952,6,S,15.09,5.263157895,41.12469636,53.61214575,3.597,3.98,0,0,0,0,0,0,0,0,0,0,0,0,0,0,0,0,7,0,1,5,0,0,0,3,2,0,4,0,0,0,0,0,0,0,0,0,0,0,0,0,0,0,0,0
TI3-4,TI,42.981783,-88.586008,5,S,21.67,5.278116119,41.24896468,53.4729192,1.288,5.17,0,0,0,0,0,0,0,0,0,0,0,0,0,0,0,0,3,0,0,10,0,0,0,10,3,6,0,0,0,0,0,0,0,0,0,0,0,0,0,0,0,0,0,0
TI4-1,TI,42.981961,-88.585534,4,S,26.15,5.214600882,36.71006819,58.07533093,1.835,4.76,0,0,0,0,0,0,0,0,0,0,0,0,0,0,0,0,2,0,0,2,0,0,0,1,0,0,1,0,0,0,0,0,0,0,0,0,0,0,0,0,0,0,0,0
TI4-2,TI,42.982134,-88.585426,2,S,21.9,3.233629749,31.94890865,64.8174616,1.818,4.79,0,0,0,0,0,0,0,0,0,0,0,0,0,0,0,0,2,0,0,0,0,0,0,0,0,0,1,0,0,0,0,0,0,0,0,0,0,0,0,0,0,0,0,0
TI4-3,TI,42.981853,-88.585845,4,S,21.88,5.22928399,38.83201931,55.9386967,2.468,4.5,0,0,0,0,0,0,0,0,0,0,0,0,0,0,0,0,8,0,0,0,0,0,0,2,0,0,0,0,0,0,0,0,0,0,1,0,0,0,0,0,0,0,0,1
TI4-4,TI,42.981812,-88.58586,3,S,18.13,3.232323232,35.97575758,60.79191919,2.971,4.42,0,0,0,0,0,0,0,0,0,0,0,0,1,0,0,0,0,0,0,1,0,0,0,0,0,0,0,0,0,0,0,0,0,0,0,0,0,0,0,0,0,0,0,1
TI5-1,TI,42.982036,-88.585809,1,S,21.78,5.221932115,40.78220526,53.99586262,4.073,3.88,0,0,0,0,0,1,0,0,0,0,0,0,0,0,0,0,0,0,0,0,0,0,0,0,0,0,0,0,0,0,0,0,0,0,0,0,0,0,0,0,0,0,0,0
TI5-2,TI,42.982022,-88.585691,2,S,16.84,5.228232455,34.80197064,59.9697969,1.3,5.53,0,0,0,0,0,0,0,0,0,0,0,0,0,0,0,0,0,0,0,1,0,0,0,0,0,1,0,0,0,0,0,0,0,0,0,0,0,0,0,0,0,0,0,0
TI5-3,TI,42.981897,-88.586106,1,S,16.41,5.246166263,26.85924132,67.89459241,1.662,5.07,0,0,0,0,0,0,0,0,0,0,0,0,0,0,0,0,0,0,0,0,0,0,0,0,0,0,1,0,0,0,0,0,0,0,0,0,0,0,0,0,0,0,0,0
TI5-4,TI,42.982133,-88.586398,4,S,18.26,7.237635706,37.81535987,54.94700442,1.966,4.67,0,0,0,0,0,0,0,0,0,0,0,0,0,0,0,0,0,0,1,0,0,0,0,1,0,7,5,0,0,0,0,0,0,0,0,0,0,0,0,0,0,0,0,0
WW1-1,WW,43.046188,-89.429189,5,S,17.8,5.656565657,59.42222222,34.92121212,2.233,4.71,0,0,1,0,0,1,0,0,0,0,0,0,0,0,0,0,0,0,0,0,0,0,0,0,8,2,0,0,0,0,0,0,0,0,0,0,0,0,5,0,0,0,0,0
WW1-2,WW,43.046089,-89.429246,7,S,12.3,5.616850552,48.9552658,45.42788365,2.097,4.69,0,0,0,0,0,1,2,0,0,1,0,0,0,0,0,0,0,0,0,0,0,0,0,3,3,3,0,0,0,0,0,0,0,0,0,0,0,0,0,0,0,2,0,0
WW1-3,WW,43.045829,-89.42936,3,S,9.79,5.621361172,61.04260189,33.33603694,1.454,4.85,0,0,0,0,0,0,0,0,0,0,0,0,0,0,0,0,0,0,0,0,0,0,0,0,12,3,0,0,0,0,0,0,0,0,0,0,0,0,1,0,0,0,0,0
WW1-4,WW,43.04599,-89.429144,2,S,5.04,7.686084142,50.40711974,41.90679612,3.319,3.85,0,0,0,0,0,0,0,0,0,0,0,0,0,0,0,0,0,0,0,0,0,0,0,0,1,0,0,0,0,0,0,0,0,0,0,0,0,0,0,0,0,4,0,0
WW2-1,WW,43.046212,-89.429051,5,S,6.62,5.649717514,55.31138015,39.03890234,3.032,4.01,0,0,0,0,0,0,1,0,0,0,0,0,0,0,0,0,0,0,0,0,0,0,0,3,7,3,0,0,0,0,0,0,0,0,0,0,0,0,7,0,0,0,0,0
WW2-2,WW,43.046066,-89.429988,6,S,13.81,5.605605606,44.84764765,49.54674675,2.526,4.31,0,0,0,0,0,1,0,0,0,1,0,0,0,0,0,0,0,0,0,0,0,0,0,1,7,0,0,0,0,0,0,0,0,0,1,0,0,0,4,0,0,0,0,0
WW2-3,WW,43.046253,-89.428796,5,S,21.58,5.617977528,34.92070626,59.46131621,2.13,4.97,0,0,0,0,0,0,0,0,0,0,0,0,2,0,0,0,0,0,0,0,0,0,0,0,7,2,0,0,0,0,0,0,0,0,1,0,0,0,1,0,0,0,0,0
WW2-4,WW,43.045935,-89.428918,4,S,28.03,5.6726094,57.57277147,36.75461912,3.729,3.87,0,0,0,0,0,0,1,0,0,0,0,0,0,0,0,0,0,0,0,0,0,0,0,1,5,0,0,0,0,0,0,0,0,0,0,0,0,0,0,0,1,0,0,0
WW3-1,WW,43.046485,-89.429025,4,S,15.89,7.648953301,62.22254428,30.12850242,1.238,5.52,0,0,0,0,0,0,0,0,0,0,0,0,0,0,0,0,0,0,0,0,0,0,0,1,3,3,0,0,0,0,0,0,0,0,0,0,0,0,1,0,0,0,0,0
WW3-2,WW,43.046422,-89.428971,5,S,14.45,5.653139511,61.40351302,32.94334747,2.727,5.41,0,0,0,0,0,0,0,0,0,0,0,0,1,0,0,0,0,0,0,0,0,0,0,0,1,3,1,0,0,0,0,0,0,0,0,0,0,0,6,0,0,0,0,0
WW3-3,WW,43.04623,-89.428909,4,S,4.6,6.653225806,56.37741935,36.96935484,5.02,3.7,0,0,0,0,0,0,0,0,0,0,0,0,0,0,0,0,0,0,2,0,0,0,0,7,0,0,0,0,0,0,0,0,0,0,0,0,0,0,2,0,1,0,0,0
WW3-4,WW,43.046119,-89.428693,2,S,6.92,8.624147613,53.06060971,38.31524268,2.803,4.27,0,0,0,0,0,0,0,0,0,0,0,0,0,0,0,0,0,0,0,0,0,0,0,0,2,0,0,0,0,0,0,0,0,0,0,0,0,0,4,0,0,0,0,0
WW4-1,WW,43.046385,-89.429183,3,S,9.69,6.705954074,48.72194676,44.57209917,1.723,5.65,0,0,0,0,0,0,0,0,0,0,0,0,0,0,0,0,0,0,0,0,0,0,0,0,5,6,0,0,0,0,0,0,0,0,0,0,0,0,10,0,0,0,0,0
WW4-2,WW,43.046636,-89.429077,2,S,18.28,6.720977597,54.94847251,38.3305499,1.934,5.46,0,0,0,0,0,0,0,0,0,0,0,0,0,0,0,0,0,0,0,0,0,0,0,8,0,0,0,0,0,0,0,0,0,0,0,0,0,0,21,0,0,0,0,0
WW4-3,WW,43.046434,-89.429055,4,S,27.2,4.62962963,47.21690821,48.15346216,1.861,5.18,0,0,0,0,0,0,0,0,0,0,0,0,0,0,0,0,0,0,0,0,0,0,0,0,0,2,0,0,0,0,0,0,0,0,0,0,0,0,9,0,2,2,0,0
WW4-4,WW,43.046489,-89.429198,4,S,17.3,6.606606607,59.96326326,33.43013013,4.237,4.07,0,0,0,0,0,0,0,0,0,0,0,0,0,0,0,0,0,0,0,0,0,0,0,0,5,3,0,0,0,0,0,0,0,0,0,0,0,0,17,0,0,1,0,0
WW5-1,WW,43.046749,-89.429068,4,S,9.74,6.690997567,44.55077048,48.75823195,2.241,4.74,0,0,0,0,0,0,0,0,0,0,0,0,0,0,0,0,0,0,0,0,0,0,0,3,5,0,0,0,0,0,0,0,0,0,0,0,0,0,16,0,0,2,0,0
WW5-2,WW,43.046496,-89.428597,3,S,16.53,6.610576923,64.00769231,29.38173077,2.676,4.42,0,0,0,0,0,0,0,0,0,0,0,0,0,0,0,0,0,0,0,0,0,0,0,1,1,0,0,0,0,0,0,0,0,0,0,0,0,0,19,0,0,0,0,0
WW5-3,WW,43.046392,-89.429186,3,S,12.36,20.87978917,72.0028583,7.117352524,2.037,5.14,0,0,0,0,0,0,0,0,0,0,0,0,0,0,0,0,0,0,0,0,0,0,0,4,3,0,0,0,0,0,0,0,0,0,0,0,0,0,6,0,0,0,0,0
WW5-4,WW,43.04661,-89.428731,6,S,19.51,6.708680626,56.87483228,36.41648709,3.106,3.92,0,0,0,0,0,0,1,0,0,0,0,0,0,0,0,0,0,0,0,0,0,0,0,2,3,0,0,0,0,0,0,0,0,0,0,0,0,0,1,0,3,5,0,0